index,pred_label,pred_prob,label_1_features,label_0_features
0,1,0.6614731783642663,65:0.001; 93:0.001; 111:0.001; 68:0.001; 12:0.001; 96:0.001; 107:0.001; 67:-0.001; 45:-0.001; 58:-0.001; 118:0.001; 52:0.001; 79:0.001; 17:0.001; 101:0.001; 92:0.001; 26:0.001; 54:0.001; 97:0.001; 4:0.001; 89:0.001; 98:0.001; 9:0.001; 69:0.001; 15:0.000; 82:0.000; 61:0.000; 74:0.000; 16:0.000; 113:0.000; 87:0.000; 32:0.000; 105:0.000; 20:0.000; 78:-0.000; 30:0.000; 37:0.000; 133:0.000; 99:0.000; 80:0.000; 136:0.000; 140:0.000; 50:0.000; 22:0.000; 2:-0.000; 10:-0.000; 83:0.000; 117:0.000; 5:0.000; 43:0.000; 121:0.000; 124:0.000; 77:0.000; 94:0.000; 139:0.000; 142:0.000; 125:0.000; 60:-0.000; 128:0.000; 135:0.000; 147:0.000; 6:-0.000; 137:0.000; 39:0.000; 76:0.000; 21:0.000; 130:0.000; 70:0.000; 116:0.000; 29:-0.000; 25:0.000; 100:0.000; 73:0.000; 106:0.000; 72:-0.000; 108:0.000; 146:0.000; 24:0.000; 18:0.000; 95:0.000; 62:0.000; 49:0.000; 127:0.000; 42:0.000; 115:0.000; 75:0.000; 129:0.000; 86:0.000; 144:0.000; 57:0.000; 132:0.000; 122:0.000; 131:0.000; 7:0.000; 36:-0.000; 110:0.000; 103:0.000; 28:0.000; 31:0.000; 3:-0.000; 46:0.000; 85:0.000; 8:0.000; 63:0.000; 38:0.000; 66:0.000; 33:0.000; 109:0.000; 27:0.000; 126:-0.000; 81:0.000; 48:-0.000; 14:-0.000; 59:0.000; 41:0.000; 90:-0.000; 51:0.000; 88:0.000; 53:0.000; 104:0.000; 84:-0.000; 134:0.000; 123:0.000; 119:0.000; 34:-0.000; 145:0.000; 120:-0.000; 91:-0.000; 11:0.000; 56:0.000; 13:-0.000; 47:-0.000; 0:0.000; 102:0.000; 71:-0.000; 40:-0.000; 19:0.000; 112:-0.000; 55:0.000; 143:0.000; 44:-0.000; 141:-0.000; 138:0.000; 23:0.000; 114:0.000; 64:-0.000; 1:-0.000; 35:0.000,65:-0.001; 93:-0.001; 111:-0.001; 68:-0.001; 12:-0.001; 96:-0.001; 107:-0.001; 67:0.001; 45:0.001; 58:0.001; 118:-0.001; 52:-0.001; 79:-0.001; 17:-0.001; 101:-0.001; 92:-0.001; 26:-0.001; 54:-0.001; 97:-0.001; 4:-0.001; 89:-0.001; 98:-0.001; 9:-0.001; 69:-0.001; 15:-0.000; 82:-0.000; 61:-0.000; 74:-0.000; 16:-0.000; 113:-0.000; 87:-0.000; 32:-0.000; 105:-0.000; 20:-0.000; 78:0.000; 30:-0.000; 37:-0.000; 133:-0.000; 99:-0.000; 80:-0.000; 136:-0.000; 140:-0.000; 50:-0.000; 22:-0.000; 2:0.000; 10:0.000; 83:-0.000; 117:-0.000; 5:-0.000; 43:-0.000; 121:-0.000; 124:-0.000; 77:-0.000; 94:-0.000; 139:-0.000; 142:-0.000; 125:-0.000; 60:0.000; 128:-0.000; 135:-0.000; 147:-0.000; 6:0.000; 137:-0.000; 39:-0.000; 76:-0.000; 21:-0.000; 130:-0.000; 70:-0.000; 116:-0.000; 29:0.000; 25:-0.000; 100:-0.000; 73:-0.000; 106:-0.000; 72:0.000; 108:-0.000; 146:-0.000; 24:-0.000; 18:-0.000; 95:-0.000; 62:-0.000; 49:-0.000; 127:-0.000; 42:-0.000; 115:-0.000; 75:-0.000; 129:-0.000; 86:-0.000; 144:-0.000; 57:-0.000; 132:-0.000; 122:-0.000; 131:-0.000; 7:-0.000; 36:0.000; 110:-0.000; 103:-0.000; 28:-0.000; 31:-0.000; 3:0.000; 46:-0.000; 85:-0.000; 8:-0.000; 63:-0.000; 38:-0.000; 66:-0.000; 33:-0.000; 109:-0.000; 27:-0.000; 126:0.000; 81:-0.000; 48:0.000; 14:0.000; 59:-0.000; 41:-0.000; 90:0.000; 51:-0.000; 88:-0.000; 53:-0.000; 104:-0.000; 84:0.000; 134:-0.000; 123:-0.000; 119:-0.000; 34:0.000; 145:-0.000; 120:0.000; 91:0.000; 11:-0.000; 56:-0.000; 13:0.000; 47:0.000; 0:-0.000; 102:-0.000; 71:0.000; 40:0.000; 19:-0.000; 112:0.000; 55:-0.000; 143:-0.000; 44:0.000; 141:0.000; 138:-0.000; 23:-0.000; 114:-0.000; 64:0.000; 1:0.000; 35:-0.000
1,1,0.7465874265004,89:0.001; 64:0.001; 63:0.001; 90:0.001; 17:0.001; 4:0.001; 9:0.001; 18:0.001; 75:0.001; 16:0.001; 91:0.001; 52:0.001; 65:0.001; 87:0.001; 40:-0.001; 43:0.001; 120:0.001; 142:0.001; 12:0.001; 21:0.001; 111:0.001; 102:0.001; 67:0.001; 2:-0.001; 135:0.001; 112:0.001; 104:0.001; 78:0.001; 123:0.001; 137:0.001; 70:0.001; 26:0.001; 99:0.001; 41:0.001; 116:0.001; 79:0.001; 108:0.001; 36:0.001; 55:-0.001; 124:0.001; 60:0.001; 141:-0.001; 6:-0.001; 31:0.001; 5:0.001; 110:0.001; 23:0.000; 53:0.000; 51:0.000; 122:0.000; 138:0.000; 103:0.000; 95:0.000; 74:0.000; 139:0.000; 68:0.000; 48:0.000; 28:0.000; 15:0.000; 115:0.000; 47:0.000; 45:0.000; 129:0.000; 133:0.000; 77:0.000; 127:0.000; 66:0.000; 72:-0.000; 27:-0.000; 100:0.000; 96:0.000; 85:0.000; 134:-0.000; 84:0.000; 69:0.000; 20:0.000; 58:0.000; 93:0.000; 50:0.000; 109:0.000; 35:0.000; 71:0.000; 121:0.000; 56:0.000; 88:0.000; 34:0.000; 82:0.000; 38:0.000; 10:-0.000; 125:0.000; 83:0.000; 106:0.000; 8:0.000; 42:0.000; 49:0.000; 118:0.000; 114:0.000; 107:0.000; 57:0.000; 76:0.000; 128:0.000; 44:0.000; 54:0.000; 29:-0.000; 119:0.000; 132:0.000; 33:-0.000; 94:0.000; 140:0.000; 24:0.000; 46:0.000; 30:-0.000; 86:0.000; 126:-0.000; 0:0.000; 39:-0.000; 3:0.000; 13:-0.000; 19:0.000; 22:-0.000; 131:0.000; 37:0.000; 105:-0.000; 14:0.000; 80:0.000; 62:0.000; 73:0.000; 11:0.000; 81:0.000; 98:0.000; 113:0.000; 61:-0.000; 101:-0.000; 130:0.000; 92:0.000; 59:-0.000; 136:-0.000; 97:-0.000; 7:0.000; 32:-0.000; 117:0.000; 1:-0.000; 25:0.000,89:-0.001; 64:-0.001; 63:-0.001; 90:-0.001; 17:-0.001; 4:-0.001; 9:-0.001; 18:-0.001; 75:-0.001; 16:-0.001; 91:-0.001; 52:-0.001; 65:-0.001; 87:-0.001; 40:0.001; 43:-0.001; 120:-0.001; 142:-0.001; 12:-0.001; 21:-0.001; 111:-0.001; 102:-0.001; 67:-0.001; 2:0.001; 135:-0.001; 112:-0.001; 104:-0.001; 78:-0.001; 123:-0.001; 137:-0.001; 70:-0.001; 26:-0.001; 99:-0.001; 41:-0.001; 116:-0.001; 79:-0.001; 108:-0.001; 36:-0.001; 55:0.001; 124:-0.001; 60:-0.001; 141:0.001; 6:0.001; 31:-0.001; 5:-0.001; 110:-0.001; 23:-0.000; 53:-0.000; 51:-0.000; 122:-0.000; 138:-0.000; 103:-0.000; 95:-0.000; 74:-0.000; 139:-0.000; 68:-0.000; 48:-0.000; 28:-0.000; 15:-0.000; 115:-0.000; 47:-0.000; 45:-0.000; 129:-0.000; 133:-0.000; 77:-0.000; 127:-0.000; 66:-0.000; 72:0.000; 27:0.000; 100:-0.000; 96:-0.000; 85:-0.000; 134:0.000; 84:-0.000; 69:-0.000; 20:-0.000; 58:-0.000; 93:-0.000; 50:-0.000; 109:-0.000; 35:-0.000; 71:-0.000; 121:-0.000; 56:-0.000; 88:-0.000; 34:-0.000; 82:-0.000; 38:-0.000; 10:0.000; 125:-0.000; 83:-0.000; 106:-0.000; 8:-0.000; 42:-0.000; 49:-0.000; 118:-0.000; 114:-0.000; 107:-0.000; 57:-0.000; 76:-0.000; 128:-0.000; 44:-0.000; 54:-0.000; 29:0.000; 119:-0.000; 132:-0.000; 33:0.000; 94:-0.000; 140:-0.000; 24:-0.000; 46:-0.000; 30:0.000; 86:-0.000; 126:0.000; 0:-0.000; 39:0.000; 3:-0.000; 13:0.000; 19:-0.000; 22:0.000; 131:-0.000; 37:-0.000; 105:0.000; 14:-0.000; 80:-0.000; 62:-0.000; 73:-0.000; 11:-0.000; 81:-0.000; 98:-0.000; 113:-0.000; 61:0.000; 101:0.000; 130:-0.000; 92:-0.000; 59:0.000; 136:0.000; 97:0.000; 7:-0.000; 32:0.000; 117:-0.000; 1:0.000; 25:-0.000
2,1,0.7050103326763284,65:0.002; 94:0.001; 108:0.001; 15:0.001; 63:0.001; 87:0.001; 12:0.001; 91:0.001; 4:0.001; 40:-0.001; 78:0.001; 53:-0.001; 86:0.001; 55:-0.001; 89:0.001; 114:0.001; 14:0.001; 112:0.001; 27:-0.001; 66:0.001; 31:-0.001; 67:-0.001; 3:-0.001; 30:0.001; 102:0.001; 100:0.001; 126:0.001; 59:-0.001; 23:0.001; 99:0.001; 17:-0.001; 96:0.001; 5:0.001; 21:0.001; 129:0.001; 46:0.001; 26:0.001; 80:0.001; 9:0.001; 73:0.001; 113:0.001; 34:-0.001; 8:0.001; 6:-0.001; 58:0.001; 52:0.001; 137:0.001; 19:0.000; 33:-0.000; 54:0.000; 43:0.000; 120:0.000; 109:0.000; 138:0.000; 18:0.000; 140:0.000; 56:0.000; 107:0.000; 20:0.000; 72:0.000; 71:-0.000; 83:0.000; 57:0.000; 41:0.000; 104:0.000; 62:0.000; 136:0.000; 106:0.000; 116:0.000; 123:0.000; 64:0.000; 61:0.000; 10:-0.000; 1:0.000; 28:-0.000; 0:0.000; 82:0.000; 60:0.000; 16:0.000; 11:0.000; 103:-0.000; 84:0.000; 85:-0.000; 117:0.000; 132:0.000; 110:-0.000; 90:0.000; 134:0.000; 48:0.000; 45:0.000; 70:0.000; 135:0.000; 139:0.000; 32:0.000; 22:0.000; 130:-0.000; 24:-0.000; 74:-0.000; 50:0.000; 101:0.000; 35:0.000; 142:0.000; 111:0.000; 128:0.000; 95:0.000; 81:-0.000; 79:0.000; 105:0.000; 37:0.000; 121:0.000; 97:0.000; 69:-0.000; 25:0.000; 98:-0.000; 93:0.000; 49:0.000; 47:-0.000; 36:0.000; 51:0.000; 7:-0.000; 77:0.000; 13:-0.000; 88:0.000; 39:0.000; 92:0.000; 29:0.000; 115:-0.000; 38:0.000; 118:0.000; 2:-0.000; 75:0.000; 133:-0.000; 125:-0.000; 141:-0.000; 122:0.000; 124:0.000; 42:0.000; 76:0.000; 127:0.000; 68:0.000; 131:-0.000; 44:-0.000; 119:-0.000,65:-0.002; 94:-0.001; 108:-0.001; 15:-0.001; 63:-0.001; 87:-0.001; 12:-0.001; 91:-0.001; 4:-0.001; 40:0.001; 78:-0.001; 53:0.001; 86:-0.001; 55:0.001; 89:-0.001; 114:-0.001; 14:-0.001; 112:-0.001; 27:0.001; 66:-0.001; 31:0.001; 67:0.001; 3:0.001; 30:-0.001; 102:-0.001; 100:-0.001; 126:-0.001; 59:0.001; 23:-0.001; 99:-0.001; 17:0.001; 96:-0.001; 5:-0.001; 21:-0.001; 129:-0.001; 46:-0.001; 26:-0.001; 80:-0.001; 9:-0.001; 73:-0.001; 113:-0.001; 34:0.001; 8:-0.001; 6:0.001; 58:-0.001; 52:-0.001; 137:-0.001; 19:-0.000; 33:0.000; 54:-0.000; 43:-0.000; 120:-0.000; 109:-0.000; 138:-0.000; 18:-0.000; 140:-0.000; 56:-0.000; 107:-0.000; 20:-0.000; 72:-0.000; 71:0.000; 83:-0.000; 57:-0.000; 41:-0.000; 104:-0.000; 62:-0.000; 136:-0.000; 106:-0.000; 116:-0.000; 123:-0.000; 64:-0.000; 61:-0.000; 10:0.000; 1:-0.000; 28:0.000; 0:-0.000; 82:-0.000; 60:-0.000; 16:-0.000; 11:-0.000; 103:0.000; 84:-0.000; 85:0.000; 117:-0.000; 132:-0.000; 110:0.000; 90:-0.000; 134:-0.000; 48:-0.000; 45:-0.000; 70:-0.000; 135:-0.000; 139:-0.000; 32:-0.000; 22:-0.000; 130:0.000; 24:0.000; 74:0.000; 50:-0.000; 101:-0.000; 35:-0.000; 142:-0.000; 111:-0.000; 128:-0.000; 95:-0.000; 81:0.000; 79:-0.000; 105:-0.000; 37:-0.000; 121:-0.000; 97:-0.000; 69:0.000; 25:-0.000; 98:0.000; 93:-0.000; 49:-0.000; 47:0.000; 36:-0.000; 51:-0.000; 7:0.000; 77:-0.000; 13:0.000; 88:-0.000; 39:-0.000; 92:-0.000; 29:-0.000; 115:0.000; 38:-0.000; 118:-0.000; 2:0.000; 75:-0.000; 133:0.000; 125:0.000; 141:0.000; 122:-0.000; 124:-0.000; 42:-0.000; 76:-0.000; 127:-0.000; 68:-0.000; 131:0.000; 44:0.000; 119:0.000
3,1,0.7178375486719184,63:0.001; 15:0.001; 82:0.001; 9:0.001; 12:0.001; 53:-0.001; 73:0.001; 42:0.001; 88:0.001; 86:0.001; 92:0.001; 113:0.001; 16:0.001; 66:0.001; 109:0.001; 120:0.001; 96:0.001; 4:0.001; 40:-0.001; 26:0.001; 99:0.001; 20:0.001; 71:-0.001; 79:0.001; 49:0.001; 74:0.001; 87:0.001; 19:0.001; 51:0.001; 50:0.001; 10:-0.001; 22:0.001; 29:0.000; 57:0.000; 55:0.000; 91:0.000; 108:0.000; 116:0.000; 119:0.000; 27:-0.000; 133:0.000; 33:0.000; 52:-0.000; 112:0.000; 24:0.000; 61:0.000; 115:0.000; 37:0.000; 58:0.000; 126:0.000; 101:0.000; 107:0.000; 117:0.000; 36:0.000; 132:0.000; 62:0.000; 97:0.000; 76:0.000; 56:0.000; 110:0.000; 68:0.000; 77:0.000; 85:0.000; 104:0.000; 124:0.000; 21:0.000; 134:0.000; 102:-0.000; 138:0.000; 60:0.000; 90:0.000; 7:0.000; 67:0.000; 139:0.000; 106:0.000; 44:-0.000; 72:0.000; 122:0.000; 123:0.000; 43:0.000; 47:0.000; 25:0.000; 125:0.000; 127:0.000; 84:0.000; 103:0.000; 95:0.000; 129:0.000; 28:0.000; 135:0.000; 32:0.000; 41:0.000; 39:0.000; 0:0.000; 30:0.000; 136:0.000; 38:0.000; 64:0.000; 80:0.000; 35:0.000; 69:0.000; 83:0.000; 89:0.000; 34:-0.000; 45:-0.000; 131:0.000; 98:0.000; 70:0.000; 130:-0.000; 6:-0.000; 2:-0.000; 111:0.000; 13:-0.000; 17:0.000; 48:0.000; 114:0.000; 93:-0.000; 59:-0.000; 54:0.000; 78:0.000; 128:0.000; 46:0.000; 3:-0.000; 75:0.000; 18:-0.000; 121:0.000; 14:0.000; 137:0.000; 81:0.000; 1:0.000; 100:0.000; 31:0.000; 118:0.000; 5:0.000; 8:0.000; 23:-0.000; 94:-0.000; 65:-0.000; 105:0.000; 11:-0.000,63:-0.001; 15:-0.001; 82:-0.001; 9:-0.001; 12:-0.001; 53:0.001; 73:-0.001; 42:-0.001; 88:-0.001; 86:-0.001; 92:-0.001; 113:-0.001; 16:-0.001; 66:-0.001; 109:-0.001; 120:-0.001; 96:-0.001; 4:-0.001; 40:0.001; 26:-0.001; 99:-0.001; 20:-0.001; 71:0.001; 79:-0.001; 49:-0.001; 74:-0.001; 87:-0.001; 19:-0.001; 51:-0.001; 50:-0.001; 10:0.001; 22:-0.001; 29:-0.000; 57:-0.000; 55:-0.000; 91:-0.000; 108:-0.000; 116:-0.000; 119:-0.000; 27:0.000; 133:-0.000; 33:-0.000; 52:0.000; 112:-0.000; 24:-0.000; 61:-0.000; 115:-0.000; 37:-0.000; 58:-0.000; 126:-0.000; 101:-0.000; 107:-0.000; 117:-0.000; 36:-0.000; 132:-0.000; 62:-0.000; 97:-0.000; 76:-0.000; 56:-0.000; 110:-0.000; 68:-0.000; 77:-0.000; 85:-0.000; 104:-0.000; 124:-0.000; 21:-0.000; 134:-0.000; 102:0.000; 138:-0.000; 60:-0.000; 90:-0.000; 7:-0.000; 67:-0.000; 139:-0.000; 106:-0.000; 44:0.000; 72:-0.000; 122:-0.000; 123:-0.000; 43:-0.000; 47:-0.000; 25:-0.000; 125:-0.000; 127:-0.000; 84:-0.000; 103:-0.000; 95:-0.000; 129:-0.000; 28:-0.000; 135:-0.000; 32:-0.000; 41:-0.000; 39:-0.000; 0:-0.000; 30:-0.000; 136:-0.000; 38:-0.000; 64:-0.000; 80:-0.000; 35:-0.000; 69:-0.000; 83:-0.000; 89:-0.000; 34:0.000; 45:0.000; 131:-0.000; 98:-0.000; 70:-0.000; 130:0.000; 6:0.000; 2:0.000; 111:-0.000; 13:0.000; 17:-0.000; 48:-0.000; 114:-0.000; 93:0.000; 59:0.000; 54:-0.000; 78:-0.000; 128:-0.000; 46:-0.000; 3:0.000; 75:-0.000; 18:0.000; 121:-0.000; 14:-0.000; 137:-0.000; 81:-0.000; 1:-0.000; 100:-0.000; 31:-0.000; 118:-0.000; 5:-0.000; 8:-0.000; 23:0.000; 94:0.000; 65:0.000; 105:-0.000; 11:0.000
4,0,0.7464036631934585,32:-0.019; 17:0.012; 53:0.012; 108:0.009; 16:0.008; 60:-0.008; 11:0.008; 8:0.008; 2:-0.008; 9:-0.008; 118:-0.008; 1:-0.008; 6:-0.007; 19:0.007; 36:-0.006; 35:0.006; 4:0.005; 13:0.005; 44:0.005; 29:-0.005; 84:0.004; 63:0.004; 3:-0.004; 22:-0.004; 5:0.004; 78:-0.004; 37:-0.003; 10:-0.003; 38:-0.003; 43:0.003; 14:-0.003; 45:0.003; 55:-0.003; 28:0.003; 42:0.003; 59:-0.003; 20:-0.003; 56:0.003; 94:-0.002; 105:0.002; 122:-0.002; 115:0.002; 95:-0.002; 114:-0.002; 58:0.002; 12:-0.002; 54:0.002; 64:-0.002; 104:-0.002; 119:-0.002; 30:-0.002; 21:0.002; 25:0.002; 33:-0.002; 34:-0.002; 23:0.002; 18:-0.002; 57:-0.001; 101:0.001; 73:-0.001; 46:-0.001; 90:-0.001; 40:-0.001; 102:0.001; 31:0.001; 83:0.001; 113:-0.001; 41:-0.001; 67:-0.001; 15:0.001; 87:0.001; 0:-0.001; 86:-0.001; 97:0.001; 110:0.001; 50:0.001; 51:-0.001; 112:0.001; 79:-0.001; 77:-0.001; 69:-0.001; 93:0.001; 109:-0.001; 92:-0.001; 88:-0.001; 98:-0.001; 116:0.001; 68:0.001; 99:0.001; 47:0.001; 103:-0.001; 49:0.001; 85:-0.001; 48:0.000; 66:-0.000; 7:-0.000; 106:-0.000; 124:-0.000; 80:-0.000; 81:0.000; 76:0.000; 120:-0.000; 125:-0.000; 39:0.000; 52:-0.000; 111:0.000; 75:0.000; 74:-0.000; 70:0.000; 123:-0.000; 62:0.000; 117:-0.000; 61:0.000; 107:0.000; 96:0.000; 24:0.000; 65:-0.000; 91:0.000; 121:-0.000; 27:0.000; 71:0.000; 100:0.000; 82:0.000; 89:-0.000; 26:-0.000; 72:0.000,32:0.019; 17:-0.012; 53:-0.012; 108:-0.009; 16:-0.008; 60:0.008; 11:-0.008; 8:-0.008; 2:0.008; 9:0.008; 118:0.008; 1:0.008; 6:0.007; 19:-0.007; 36:0.006; 35:-0.006; 4:-0.005; 13:-0.005; 44:-0.005; 29:0.005; 84:-0.004; 63:-0.004; 3:0.004; 22:0.004; 5:-0.004; 78:0.004; 37:0.003; 10:0.003; 38:0.003; 43:-0.003; 14:0.003; 45:-0.003; 55:0.003; 28:-0.003; 42:-0.003; 59:0.003; 20:0.003; 56:-0.003; 94:0.002; 105:-0.002; 122:0.002; 115:-0.002; 95:0.002; 114:0.002; 58:-0.002; 12:0.002; 54:-0.002; 64:0.002; 104:0.002; 119:0.002; 30:0.002; 21:-0.002; 25:-0.002; 33:0.002; 34:0.002; 23:-0.002; 18:0.002; 57:0.001; 101:-0.001; 73:0.001; 46:0.001; 90:0.001; 40:0.001; 102:-0.001; 31:-0.001; 83:-0.001; 113:0.001; 41:0.001; 67:0.001; 15:-0.001; 87:-0.001; 0:0.001; 86:0.001; 97:-0.001; 110:-0.001; 50:-0.001; 51:0.001; 112:-0.001; 79:0.001; 77:0.001; 69:0.001; 93:-0.001; 109:0.001; 92:0.001; 88:0.001; 98:0.001; 116:-0.001; 68:-0.001; 99:-0.001; 47:-0.001; 103:0.001; 49:-0.001; 85:0.001; 48:-0.000; 66:0.000; 7:0.000; 106:0.000; 124:0.000; 80:0.000; 81:-0.000; 76:-0.000; 120:0.000; 125:0.000; 39:-0.000; 52:0.000; 111:-0.000; 75:-0.000; 74:0.000; 70:-0.000; 123:0.000; 62:-0.000; 117:0.000; 61:-0.000; 107:-0.000; 96:-0.000; 24:-0.000; 65:0.000; 91:-0.000; 121:0.000; 27:-0.000; 71:-0.000; 100:-0.000; 82:-0.000; 89:0.000; 26:0.000; 72:-0.000
5,0,0.5500732088071977,11:0.004; 78:0.003; 57:0.003; 26:0.003; 10:-0.003; 4:0.003; 130:-0.003; 60:-0.003; 34:0.002; 35:-0.002; 1:-0.002; 25:-0.002; 8:0.002; 62:0.002; 99:0.002; 61:-0.002; 14:0.002; 28:-0.002; 2:-0.002; 37:-0.002; 6:-0.002; 63:0.002; 118:-0.002; 94:0.002; 17:-0.002; 19:0.002; 22:-0.001; 76:-0.001; 3:-0.001; 7:-0.001; 51:0.001; 15:0.001; 125:-0.001; 52:0.001; 47:0.001; 120:-0.001; 21:0.001; 105:0.001; 115:0.001; 91:0.001; 66:0.001; 87:-0.001; 71:0.001; 129:-0.001; 43:-0.001; 107:-0.001; 67:-0.001; 96:0.001; 46:0.001; 29:0.001; 18:-0.001; 116:0.001; 122:0.001; 44:0.001; 114:-0.001; 9:-0.001; 59:-0.001; 69:-0.001; 124:-0.001; 81:0.001; 30:0.001; 93:0.001; 84:0.001; 85:0.000; 117:0.000; 100:0.000; 102:-0.000; 127:0.000; 65:-0.000; 36:-0.000; 50:-0.000; 89:0.000; 104:-0.000; 49:-0.000; 20:-0.000; 45:0.000; 111:-0.000; 64:0.000; 109:-0.000; 58:-0.000; 101:-0.000; 16:-0.000; 40:-0.000; 80:-0.000; 24:-0.000; 27:0.000; 75:-0.000; 77:-0.000; 41:0.000; 119:0.000; 113:0.000; 48:0.000; 39:-0.000; 54:0.000; 79:0.000; 68:-0.000; 12:0.000; 92:0.000; 112:-0.000; 13:0.000; 97:-0.000; 88:0.000; 55:0.000; 38:0.000; 95:-0.000; 74:-0.000; 82:0.000; 90:-0.000; 23:-0.000; 73:0.000; 42:-0.000; 106:-0.000; 86:-0.000; 128:0.000; 53:0.000; 83:0.000; 103:0.000; 31:0.000; 33:0.000; 121:0.000; 5:-0.000; 70:0.000; 110:-0.000; 32:0.000; 126:-0.000; 108:-0.000; 56:-0.000; 123:-0.000; 72:0.000; 131:0.000; 98:-0.000; 0:-0.000,11:-0.004; 78:-0.003; 57:-0.003; 26:-0.003; 10:0.003; 4:-0.003; 130:0.003; 60:0.003; 34:-0.002; 35:0.002; 1:0.002; 25:0.002; 8:-0.002; 62:-0.002; 99:-0.002; 61:0.002; 14:-0.002; 28:0.002; 2:0.002; 37:0.002; 6:0.002; 63:-0.002; 118:0.002; 94:-0.002; 17:0.002; 19:-0.002; 22:0.001; 76:0.001; 3:0.001; 7:0.001; 51:-0.001; 15:-0.001; 125:0.001; 52:-0.001; 47:-0.001; 120:0.001; 21:-0.001; 105:-0.001; 115:-0.001; 91:-0.001; 66:-0.001; 87:0.001; 71:-0.001; 129:0.001; 43:0.001; 107:0.001; 67:0.001; 96:-0.001; 46:-0.001; 29:-0.001; 18:0.001; 116:-0.001; 122:-0.001; 44:-0.001; 114:0.001; 9:0.001; 59:0.001; 69:0.001; 124:0.001; 81:-0.001; 30:-0.001; 93:-0.001; 84:-0.001; 85:-0.000; 117:-0.000; 100:-0.000; 102:0.000; 127:-0.000; 65:0.000; 36:0.000; 50:0.000; 89:-0.000; 104:0.000; 49:0.000; 20:0.000; 45:-0.000; 111:0.000; 64:-0.000; 109:0.000; 58:0.000; 101:0.000; 16:0.000; 40:0.000; 80:0.000; 24:0.000; 27:-0.000; 75:0.000; 77:0.000; 41:-0.000; 119:-0.000; 113:-0.000; 48:-0.000; 39:0.000; 54:-0.000; 79:-0.000; 68:0.000; 12:-0.000; 92:-0.000; 112:0.000; 13:-0.000; 97:0.000; 88:-0.000; 55:-0.000; 38:-0.000; 95:0.000; 74:0.000; 82:-0.000; 90:0.000; 23:0.000; 73:-0.000; 42:0.000; 106:0.000; 86:0.000; 128:-0.000; 53:-0.000; 83:-0.000; 103:-0.000; 31:-0.000; 33:-0.000; 121:-0.000; 5:0.000; 70:-0.000; 110:0.000; 32:-0.000; 126:0.000; 108:0.000; 56:0.000; 123:0.000; 72:-0.000; 131:-0.000; 98:0.000; 0:0.000
6,0,0.6143474396491714,42:-0.001; 135:-0.001; 57:-0.001; 71:-0.001; 28:-0.001; 76:-0.001; 62:-0.001; 45:-0.001; 2:-0.001; 48:-0.001; 47:-0.001; 64:-0.001; 15:-0.001; 94:0.001; 97:0.001; 103:-0.001; 11:-0.001; 115:0.001; 84:-0.001; 7:-0.001; 92:-0.001; 82:0.000; 19:-0.000; 38:-0.000; 6:-0.000; 3:-0.000; 32:-0.000; 29:-0.000; 41:-0.000; 17:0.000; 69:0.000; 40:-0.000; 10:-0.000; 65:-0.000; 16:0.000; 13:-0.000; 88:-0.000; 51:-0.000; 33:-0.000; 12:0.000; 1:-0.000; 35:-0.000; 79:0.000; 100:-0.000; 101:0.000; 107:-0.000; 117:-0.000; 36:-0.000; 73:-0.000; 138:-0.000; 74:-0.000; 114:0.000; 110:-0.000; 80:0.000; 24:-0.000; 70:-0.000; 102:-0.000; 112:-0.000; 8:-0.000; 87:-0.000; 4:0.000; 61:-0.000; 18:-0.000; 52:0.000; 106:-0.000; 55:0.000; 72:-0.000; 66:0.000; 39:-0.000; 0:-0.000; 60:-0.000; 90:0.000; 50:-0.000; 119:-0.000; 132:-0.000; 22:-0.000; 31:-0.000; 86:-0.000; 89:-0.000; 49:0.000; 123:-0.000; 126:-0.000; 9:0.000; 125:-0.000; 54:-0.000; 108:0.000; 14:-0.000; 136:-0.000; 118:-0.000; 137:-0.000; 67:-0.000; 104:-0.000; 21:0.000; 26:0.000; 134:-0.000; 46:0.000; 37:-0.000; 105:0.000; 93:-0.000; 59:0.000; 81:-0.000; 116:0.000; 30:-0.000; 44:-0.000; 25:0.000; 63:0.000; 99:-0.000; 58:-0.000; 96:0.000; 139:-0.000; 23:0.000; 68:-0.000; 128:0.000; 133:-0.000; 34:-0.000; 95:0.000; 129:-0.000; 5:-0.000; 131:-0.000; 83:-0.000; 75:-0.000; 124:-0.000; 113:0.000; 53:-0.000; 77:0.000; 56:-0.000; 85:-0.000; 98:-0.000; 127:-0.000; 121:-0.000; 78:-0.000; 27:-0.000; 122:-0.000; 109:-0.000; 111:0.000; 91:0.000; 20:-0.000; 120:-0.000; 43:0.000; 130:-0.000,42:0.001; 135:0.001; 57:0.001; 71:0.001; 28:0.001; 76:0.001; 62:0.001; 45:0.001; 2:0.001; 48:0.001; 47:0.001; 64:0.001; 15:0.001; 94:-0.001; 97:-0.001; 103:0.001; 11:0.001; 115:-0.001; 84:0.001; 7:0.001; 92:0.001; 82:-0.000; 19:0.000; 38:0.000; 6:0.000; 3:0.000; 32:0.000; 29:0.000; 41:0.000; 17:-0.000; 69:-0.000; 40:0.000; 10:0.000; 65:0.000; 16:-0.000; 13:0.000; 88:0.000; 51:0.000; 33:0.000; 12:-0.000; 1:0.000; 35:0.000; 79:-0.000; 100:0.000; 101:-0.000; 107:0.000; 117:0.000; 36:0.000; 73:0.000; 138:0.000; 74:0.000; 114:-0.000; 110:0.000; 80:-0.000; 24:0.000; 70:0.000; 102:0.000; 112:0.000; 8:0.000; 87:0.000; 4:-0.000; 61:0.000; 18:0.000; 52:-0.000; 106:0.000; 55:-0.000; 72:0.000; 66:-0.000; 39:0.000; 0:0.000; 60:0.000; 90:-0.000; 50:0.000; 119:0.000; 132:0.000; 22:0.000; 31:0.000; 86:0.000; 89:0.000; 49:-0.000; 123:0.000; 126:0.000; 9:-0.000; 125:0.000; 54:0.000; 108:-0.000; 14:0.000; 136:0.000; 118:0.000; 137:0.000; 67:0.000; 104:0.000; 21:-0.000; 26:-0.000; 134:0.000; 46:-0.000; 37:0.000; 105:-0.000; 93:0.000; 59:-0.000; 81:0.000; 116:-0.000; 30:0.000; 44:0.000; 25:-0.000; 63:-0.000; 99:0.000; 58:0.000; 96:-0.000; 139:0.000; 23:-0.000; 68:0.000; 128:-0.000; 133:0.000; 34:0.000; 95:-0.000; 129:0.000; 5:0.000; 131:0.000; 83:0.000; 75:0.000; 124:0.000; 113:-0.000; 53:0.000; 77:-0.000; 56:0.000; 85:0.000; 98:0.000; 127:0.000; 121:0.000; 78:0.000; 27:0.000; 122:0.000; 109:0.000; 111:-0.000; 91:-0.000; 20:0.000; 120:0.000; 43:-0.000; 130:0.000
7,1,0.6226717378458557,8:0.001; 91:0.001; 78:0.001; 104:0.001; 68:0.001; 142:0.001; 122:0.001; 43:-0.001; 19:0.001; 3:0.001; 144:-0.001; 18:0.001; 107:0.001; 50:0.001; 31:0.001; 92:0.001; 79:0.001; 5:0.001; 26:0.001; 87:0.001; 134:0.001; 67:0.001; 83:0.001; 56:-0.001; 52:-0.001; 60:0.001; 110:0.001; 132:0.000; 109:0.000; 13:0.000; 27:-0.000; 64:0.000; 4:0.000; 140:-0.000; 131:-0.000; 100:0.000; 29:-0.000; 65:-0.000; 117:0.000; 58:-0.000; 34:0.000; 2:-0.000; 32:0.000; 121:0.000; 51:0.000; 124:0.000; 99:0.000; 16:0.000; 145:-0.000; 49:0.000; 113:0.000; 114:0.000; 119:0.000; 0:0.000; 135:0.000; 74:0.000; 35:0.000; 53:0.000; 10:-0.000; 133:0.000; 54:0.000; 81:-0.000; 20:0.000; 103:0.000; 90:-0.000; 80:0.000; 101:0.000; 123:-0.000; 37:0.000; 21:0.000; 95:0.000; 94:0.000; 62:0.000; 36:-0.000; 137:0.000; 82:0.000; 41:0.000; 112:-0.000; 69:0.000; 96:0.000; 38:0.000; 97:-0.000; 89:0.000; 72:0.000; 73:-0.000; 108:0.000; 1:-0.000; 22:-0.000; 116:-0.000; 118:0.000; 40:-0.000; 45:0.000; 141:0.000; 24:-0.000; 127:-0.000; 61:0.000; 136:0.000; 111:-0.000; 98:0.000; 125:0.000; 59:-0.000; 105:0.000; 115:0.000; 139:0.000; 12:0.000; 85:0.000; 30:-0.000; 66:-0.000; 23:-0.000; 17:0.000; 28:0.000; 48:0.000; 11:0.000; 75:0.000; 102:0.000; 33:-0.000; 130:-0.000; 129:-0.000; 6:0.000; 120:0.000; 77:0.000; 55:0.000; 57:0.000; 88:-0.000; 86:0.000; 106:0.000; 126:-0.000; 39:-0.000; 70:-0.000; 71:-0.000; 84:0.000; 7:-0.000; 128:0.000; 25:0.000; 42:-0.000; 15:-0.000; 14:0.000; 76:-0.000; 44:0.000; 46:-0.000; 47:0.000; 9:-0.000; 63:0.000; 143:0.000; 93:0.000; 138:0.000,8:-0.001; 91:-0.001; 78:-0.001; 104:-0.001; 68:-0.001; 142:-0.001; 122:-0.001; 43:0.001; 19:-0.001; 3:-0.001; 144:0.001; 18:-0.001; 107:-0.001; 50:-0.001; 31:-0.001; 92:-0.001; 79:-0.001; 5:-0.001; 26:-0.001; 87:-0.001; 134:-0.001; 67:-0.001; 83:-0.001; 56:0.001; 52:0.001; 60:-0.001; 110:-0.001; 132:-0.000; 109:-0.000; 13:-0.000; 27:0.000; 64:-0.000; 4:-0.000; 140:0.000; 131:0.000; 100:-0.000; 29:0.000; 65:0.000; 117:-0.000; 58:0.000; 34:-0.000; 2:0.000; 32:-0.000; 121:-0.000; 51:-0.000; 124:-0.000; 99:-0.000; 16:-0.000; 145:0.000; 49:-0.000; 113:-0.000; 114:-0.000; 119:-0.000; 0:-0.000; 135:-0.000; 74:-0.000; 35:-0.000; 53:-0.000; 10:0.000; 133:-0.000; 54:-0.000; 81:0.000; 20:-0.000; 103:-0.000; 90:0.000; 80:-0.000; 101:-0.000; 123:0.000; 37:-0.000; 21:-0.000; 95:-0.000; 94:-0.000; 62:-0.000; 36:0.000; 137:-0.000; 82:-0.000; 41:-0.000; 112:0.000; 69:-0.000; 96:-0.000; 38:-0.000; 97:0.000; 89:-0.000; 72:-0.000; 73:0.000; 108:-0.000; 1:0.000; 22:0.000; 116:0.000; 118:-0.000; 40:0.000; 45:-0.000; 141:-0.000; 24:0.000; 127:0.000; 61:-0.000; 136:-0.000; 111:0.000; 98:-0.000; 125:-0.000; 59:0.000; 105:-0.000; 115:-0.000; 139:-0.000; 12:-0.000; 85:-0.000; 30:0.000; 66:0.000; 23:0.000; 17:-0.000; 28:-0.000; 48:-0.000; 11:-0.000; 75:-0.000; 102:-0.000; 33:0.000; 130:0.000; 129:0.000; 6:-0.000; 120:-0.000; 77:-0.000; 55:-0.000; 57:-0.000; 88:0.000; 86:-0.000; 106:-0.000; 126:0.000; 39:0.000; 70:0.000; 71:0.000; 84:-0.000; 7:0.000; 128:-0.000; 25:-0.000; 42:0.000; 15:0.000; 14:-0.000; 76:0.000; 44:-0.000; 46:0.000; 47:-0.000; 9:0.000; 63:-0.000; 143:-0.000; 93:-0.000; 138:-0.000
8,1,0.7158721155635366,89:0.001; 70:0.001; 16:0.001; 107:0.001; 11:0.001; 40:-0.001; 14:0.001; 87:0.001; 63:0.001; 101:0.001; 75:0.001; 59:0.001; 90:0.001; 73:-0.001; 116:0.001; 17:0.001; 4:0.001; 110:0.001; 117:0.001; 76:0.001; 53:0.001; 74:0.001; 62:0.001; 94:0.001; 8:0.001; 111:0.001; 85:0.001; 122:0.001; 24:0.001; 88:0.001; 49:0.001; 84:0.001; 95:0.001; 29:-0.001; 39:0.001; 52:-0.001; 96:0.000; 26:0.000; 91:-0.000; 13:0.000; 58:0.000; 34:0.000; 61:-0.000; 99:-0.000; 38:0.000; 80:0.000; 97:0.000; 132:-0.000; 55:0.000; 139:0.000; 28:0.000; 108:0.000; 48:0.000; 98:0.000; 56:-0.000; 106:0.000; 123:0.000; 112:0.000; 113:0.000; 45:0.000; 130:0.000; 41:0.000; 50:0.000; 92:0.000; 82:0.000; 119:0.000; 60:-0.000; 23:0.000; 10:-0.000; 67:0.000; 5:0.000; 103:-0.000; 131:0.000; 0:0.000; 22:0.000; 57:0.000; 6:-0.000; 37:0.000; 44:0.000; 100:0.000; 93:0.000; 25:0.000; 126:0.000; 135:0.000; 105:0.000; 79:0.000; 1:0.000; 114:0.000; 7:0.000; 83:0.000; 32:0.000; 137:0.000; 66:0.000; 64:0.000; 115:-0.000; 65:-0.000; 15:-0.000; 104:0.000; 77:0.000; 129:0.000; 2:0.000; 134:0.000; 124:0.000; 138:0.000; 72:0.000; 125:-0.000; 81:0.000; 43:0.000; 36:0.000; 20:0.000; 33:0.000; 31:-0.000; 21:-0.000; 78:-0.000; 128:0.000; 42:0.000; 133:-0.000; 9:-0.000; 86:-0.000; 19:0.000; 35:0.000; 69:0.000; 127:0.000; 3:-0.000; 18:0.000; 68:0.000; 120:-0.000; 121:0.000; 30:0.000; 109:-0.000; 47:-0.000; 27:-0.000; 54:-0.000; 46:-0.000; 118:-0.000; 12:-0.000; 102:0.000; 51:0.000; 71:0.000; 136:0.000,89:-0.001; 70:-0.001; 16:-0.001; 107:-0.001; 11:-0.001; 40:0.001; 14:-0.001; 87:-0.001; 63:-0.001; 101:-0.001; 75:-0.001; 59:-0.001; 90:-0.001; 73:0.001; 116:-0.001; 17:-0.001; 4:-0.001; 110:-0.001; 117:-0.001; 76:-0.001; 53:-0.001; 74:-0.001; 62:-0.001; 94:-0.001; 8:-0.001; 111:-0.001; 85:-0.001; 122:-0.001; 24:-0.001; 88:-0.001; 49:-0.001; 84:-0.001; 95:-0.001; 29:0.001; 39:-0.001; 52:0.001; 96:-0.000; 26:-0.000; 91:0.000; 13:-0.000; 58:-0.000; 34:-0.000; 61:0.000; 99:0.000; 38:-0.000; 80:-0.000; 97:-0.000; 132:0.000; 55:-0.000; 139:-0.000; 28:-0.000; 108:-0.000; 48:-0.000; 98:-0.000; 56:0.000; 106:-0.000; 123:-0.000; 112:-0.000; 113:-0.000; 45:-0.000; 130:-0.000; 41:-0.000; 50:-0.000; 92:-0.000; 82:-0.000; 119:-0.000; 60:0.000; 23:-0.000; 10:0.000; 67:-0.000; 5:-0.000; 103:0.000; 131:-0.000; 0:-0.000; 22:-0.000; 57:-0.000; 6:0.000; 37:-0.000; 44:-0.000; 100:-0.000; 93:-0.000; 25:-0.000; 126:-0.000; 135:-0.000; 105:-0.000; 79:-0.000; 1:-0.000; 114:-0.000; 7:-0.000; 83:-0.000; 32:-0.000; 137:-0.000; 66:-0.000; 64:-0.000; 115:0.000; 65:0.000; 15:0.000; 104:-0.000; 77:-0.000; 129:-0.000; 2:-0.000; 134:-0.000; 124:-0.000; 138:-0.000; 72:-0.000; 125:0.000; 81:-0.000; 43:-0.000; 36:-0.000; 20:-0.000; 33:-0.000; 31:0.000; 21:0.000; 78:0.000; 128:-0.000; 42:-0.000; 133:0.000; 9:0.000; 86:0.000; 19:-0.000; 35:-0.000; 69:-0.000; 127:-0.000; 3:0.000; 18:-0.000; 68:-0.000; 120:0.000; 121:-0.000; 30:-0.000; 109:0.000; 47:0.000; 27:0.000; 54:0.000; 46:0.000; 118:0.000; 12:0.000; 102:-0.000; 51:-0.000; 71:-0.000; 136:-0.000
9,1,0.7107411439245052,41:-0.004; 20:0.004; 85:0.004; 121:0.004; 134:-0.004; 4:0.003; 92:0.003; 59:0.003; 18:0.003; 87:0.003; 76:0.002; 53:-0.002; 101:0.002; 25:-0.002; 90:0.002; 73:0.002; 36:0.002; 19:0.002; 8:0.002; 95:-0.002; 102:-0.002; 72:-0.002; 45:0.002; 39:-0.002; 71:0.002; 74:0.002; 48:-0.001; 81:0.001; 61:-0.001; 27:-0.001; 120:0.001; 99:0.001; 62:0.001; 127:0.001; 2:-0.001; 28:-0.001; 111:-0.001; 42:0.001; 54:0.001; 14:-0.001; 23:0.001; 93:0.001; 100:0.001; 139:-0.001; 57:-0.001; 13:-0.001; 89:-0.001; 0:0.001; 69:-0.001; 112:0.001; 107:0.001; 7:-0.001; 130:0.001; 56:0.001; 24:-0.001; 49:0.001; 50:0.001; 129:0.001; 96:0.001; 97:0.001; 133:0.001; 40:-0.001; 105:-0.001; 106:0.001; 67:0.001; 37:0.001; 116:0.001; 80:-0.001; 75:-0.001; 65:0.001; 55:-0.001; 84:0.001; 79:0.001; 6:-0.001; 117:0.001; 132:-0.001; 64:0.001; 108:0.001; 32:0.000; 44:-0.000; 43:0.000; 77:0.000; 5:-0.000; 38:-0.000; 86:-0.000; 21:0.000; 16:0.000; 70:0.000; 47:0.000; 9:0.000; 123:0.000; 10:0.000; 46:0.000; 12:-0.000; 98:-0.000; 88:0.000; 3:0.000; 33:0.000; 110:0.000; 125:0.000; 15:0.000; 31:-0.000; 29:0.000; 78:0.000; 63:-0.000; 26:-0.000; 35:-0.000; 138:-0.000; 137:-0.000; 91:-0.000; 17:0.000; 68:0.000; 51:0.000; 58:0.000; 34:-0.000; 94:-0.000; 109:-0.000; 66:0.000; 22:0.000; 103:-0.000; 115:0.000; 82:0.000; 52:-0.000; 119:-0.000; 124:-0.000; 30:0.000; 128:0.000; 135:0.000; 114:-0.000; 60:-0.000; 1:-0.000; 104:-0.000; 118:-0.000; 113:0.000; 131:-0.000; 11:-0.000; 136:0.000; 126:0.000; 83:-0.000; 122:-0.000,41:0.004; 20:-0.004; 85:-0.004; 121:-0.004; 134:0.004; 4:-0.003; 92:-0.003; 59:-0.003; 18:-0.003; 87:-0.003; 76:-0.002; 53:0.002; 101:-0.002; 25:0.002; 90:-0.002; 73:-0.002; 36:-0.002; 19:-0.002; 8:-0.002; 95:0.002; 102:0.002; 72:0.002; 45:-0.002; 39:0.002; 71:-0.002; 74:-0.002; 48:0.001; 81:-0.001; 61:0.001; 27:0.001; 120:-0.001; 99:-0.001; 62:-0.001; 127:-0.001; 2:0.001; 28:0.001; 111:0.001; 42:-0.001; 54:-0.001; 14:0.001; 23:-0.001; 93:-0.001; 100:-0.001; 139:0.001; 57:0.001; 13:0.001; 89:0.001; 0:-0.001; 69:0.001; 112:-0.001; 107:-0.001; 7:0.001; 130:-0.001; 56:-0.001; 24:0.001; 49:-0.001; 50:-0.001; 129:-0.001; 96:-0.001; 97:-0.001; 133:-0.001; 40:0.001; 105:0.001; 106:-0.001; 67:-0.001; 37:-0.001; 116:-0.001; 80:0.001; 75:0.001; 65:-0.001; 55:0.001; 84:-0.001; 79:-0.001; 6:0.001; 117:-0.001; 132:0.001; 64:-0.001; 108:-0.001; 32:-0.000; 44:0.000; 43:-0.000; 77:-0.000; 5:0.000; 38:0.000; 86:0.000; 21:-0.000; 16:-0.000; 70:-0.000; 47:-0.000; 9:-0.000; 123:-0.000; 10:-0.000; 46:-0.000; 12:0.000; 98:0.000; 88:-0.000; 3:-0.000; 33:-0.000; 110:-0.000; 125:-0.000; 15:-0.000; 31:0.000; 29:-0.000; 78:-0.000; 63:0.000; 26:0.000; 35:0.000; 138:0.000; 137:0.000; 91:0.000; 17:-0.000; 68:-0.000; 51:-0.000; 58:-0.000; 34:0.000; 94:0.000; 109:0.000; 66:-0.000; 22:-0.000; 103:0.000; 115:-0.000; 82:-0.000; 52:0.000; 119:0.000; 124:0.000; 30:-0.000; 128:-0.000; 135:-0.000; 114:0.000; 60:0.000; 1:0.000; 104:0.000; 118:0.000; 113:-0.000; 131:0.000; 11:0.000; 136:-0.000; 126:-0.000; 83:0.000; 122:0.000
10,1,0.6388088282480324,45:-0.003; 88:0.002; 100:0.002; 52:-0.002; 68:0.002; 28:-0.002; 9:0.002; 65:0.002; 15:0.001; 17:0.001; 12:0.001; 19:0.001; 38:0.001; 87:0.001; 4:0.001; 49:0.001; 98:-0.001; 16:0.001; 2:-0.001; 14:-0.001; 118:0.001; 108:0.001; 89:0.001; 11:-0.001; 10:-0.001; 129:0.001; 117:0.001; 53:-0.001; 1:-0.001; 55:-0.001; 93:0.001; 81:-0.001; 107:0.001; 91:0.001; 41:0.001; 33:0.001; 18:-0.001; 70:-0.001; 48:0.001; 121:0.001; 114:0.001; 94:0.001; 120:0.001; 95:-0.001; 111:0.001; 46:0.001; 134:0.001; 23:0.001; 20:0.001; 54:0.001; 80:0.001; 40:0.001; 76:0.001; 62:-0.000; 60:0.000; 75:0.000; 104:0.000; 105:0.000; 77:-0.000; 97:0.000; 13:-0.000; 21:0.000; 26:0.000; 113:0.000; 42:-0.000; 73:-0.000; 131:-0.000; 51:0.000; 30:0.000; 122:0.000; 127:0.000; 109:0.000; 116:-0.000; 79:0.000; 78:0.000; 67:0.000; 58:-0.000; 57:0.000; 6:-0.000; 125:-0.000; 56:0.000; 133:0.000; 29:-0.000; 85:-0.000; 112:-0.000; 7:0.000; 71:-0.000; 69:0.000; 63:-0.000; 90:0.000; 37:0.000; 82:0.000; 74:0.000; 39:-0.000; 61:0.000; 35:0.000; 31:-0.000; 5:0.000; 83:-0.000; 44:-0.000; 34:0.000; 132:-0.000; 22:-0.000; 126:0.000; 72:-0.000; 66:0.000; 99:-0.000; 32:-0.000; 123:-0.000; 0:0.000; 130:-0.000; 115:0.000; 128:0.000; 59:0.000; 47:-0.000; 119:-0.000; 124:-0.000; 8:0.000; 136:0.000; 92:0.000; 106:-0.000; 86:0.000; 84:0.000; 101:-0.000; 27:0.000; 43:0.000; 3:0.000; 64:-0.000; 36:0.000; 103:-0.000; 110:-0.000; 135:-0.000; 96:-0.000; 25:0.000; 102:0.000; 24:0.000; 50:0.000,45:0.003; 88:-0.002; 100:-0.002; 52:0.002; 68:-0.002; 28:0.002; 9:-0.002; 65:-0.002; 15:-0.001; 17:-0.001; 12:-0.001; 19:-0.001; 38:-0.001; 87:-0.001; 4:-0.001; 49:-0.001; 98:0.001; 16:-0.001; 2:0.001; 14:0.001; 118:-0.001; 108:-0.001; 89:-0.001; 11:0.001; 10:0.001; 129:-0.001; 117:-0.001; 53:0.001; 1:0.001; 55:0.001; 93:-0.001; 81:0.001; 107:-0.001; 91:-0.001; 41:-0.001; 33:-0.001; 18:0.001; 70:0.001; 48:-0.001; 121:-0.001; 114:-0.001; 94:-0.001; 120:-0.001; 95:0.001; 111:-0.001; 46:-0.001; 134:-0.001; 23:-0.001; 20:-0.001; 54:-0.001; 80:-0.001; 40:-0.001; 76:-0.001; 62:0.000; 60:-0.000; 75:-0.000; 104:-0.000; 105:-0.000; 77:0.000; 97:-0.000; 13:0.000; 21:-0.000; 26:-0.000; 113:-0.000; 42:0.000; 73:0.000; 131:0.000; 51:-0.000; 30:-0.000; 122:-0.000; 127:-0.000; 109:-0.000; 116:0.000; 79:-0.000; 78:-0.000; 67:-0.000; 58:0.000; 57:-0.000; 6:0.000; 125:0.000; 56:-0.000; 133:-0.000; 29:0.000; 85:0.000; 112:0.000; 7:-0.000; 71:0.000; 69:-0.000; 63:0.000; 90:-0.000; 37:-0.000; 82:-0.000; 74:-0.000; 39:0.000; 61:-0.000; 35:-0.000; 31:0.000; 5:-0.000; 83:0.000; 44:0.000; 34:-0.000; 132:0.000; 22:0.000; 126:-0.000; 72:0.000; 66:-0.000; 99:0.000; 32:0.000; 123:0.000; 0:-0.000; 130:0.000; 115:-0.000; 128:-0.000; 59:-0.000; 47:0.000; 119:0.000; 124:0.000; 8:-0.000; 136:-0.000; 92:-0.000; 106:0.000; 86:-0.000; 84:-0.000; 101:0.000; 27:-0.000; 43:-0.000; 3:-0.000; 64:0.000; 36:-0.000; 103:0.000; 110:0.000; 135:0.000; 96:0.000; 25:-0.000; 102:-0.000; 24:-0.000; 50:-0.000
11,0,0.5108583617153929,15:0.011; 9:-0.010; 14:-0.008; 83:-0.007; 86:0.007; 4:0.006; 113:0.006; 35:-0.006; 115:0.006; 82:0.006; 99:0.005; 6:-0.005; 66:-0.005; 125:0.005; 39:-0.005; 71:0.004; 75:0.004; 43:-0.004; 119:0.004; 44:0.004; 50:-0.004; 3:0.004; 73:-0.004; 85:0.004; 101:0.004; 91:0.003; 11:0.003; 55:-0.003; 94:-0.003; 92:0.003; 102:0.003; 10:-0.003; 100:-0.003; 5:-0.003; 58:0.003; 37:-0.003; 118:-0.003; 57:-0.003; 51:0.003; 59:0.002; 7:-0.002; 80:-0.002; 69:-0.002; 19:-0.002; 61:0.002; 107:-0.002; 16:0.002; 93:0.002; 126:-0.002; 47:0.002; 24:0.002; 40:0.002; 87:0.002; 103:0.002; 74:0.002; 28:-0.002; 112:-0.002; 97:0.002; 8:0.002; 123:0.002; 13:0.002; 52:-0.002; 46:0.002; 54:0.002; 111:-0.002; 72:0.001; 0:-0.001; 81:0.001; 17:-0.001; 12:-0.001; 41:-0.001; 98:-0.001; 1:-0.001; 95:0.001; 77:-0.001; 29:-0.001; 108:-0.001; 32:-0.001; 124:-0.001; 45:0.001; 122:0.001; 60:0.001; 49:0.001; 20:0.001; 79:0.001; 33:-0.001; 25:-0.001; 22:0.001; 56:-0.001; 96:0.001; 18:0.001; 130:-0.001; 120:-0.001; 89:-0.001; 117:0.001; 116:-0.001; 110:0.001; 31:-0.001; 34:-0.001; 2:-0.000; 129:0.000; 70:-0.000; 76:-0.000; 23:-0.000; 68:-0.000; 131:-0.000; 27:0.000; 84:-0.000; 109:0.000; 48:0.000; 132:-0.000; 90:-0.000; 114:0.000; 26:-0.000; 127:0.000; 65:0.000; 53:0.000; 67:0.000; 106:-0.000; 36:-0.000; 21:-0.000; 42:-0.000; 78:0.000; 121:-0.000; 62:-0.000; 105:-0.000; 64:0.000; 30:0.000; 128:-0.000; 38:0.000; 63:0.000; 104:0.000; 88:0.000,15:-0.011; 9:0.010; 14:0.008; 83:0.007; 86:-0.007; 4:-0.006; 113:-0.006; 35:0.006; 115:-0.006; 82:-0.006; 99:-0.005; 6:0.005; 66:0.005; 125:-0.005; 39:0.005; 71:-0.004; 75:-0.004; 43:0.004; 119:-0.004; 44:-0.004; 50:0.004; 3:-0.004; 73:0.004; 85:-0.004; 101:-0.004; 91:-0.003; 11:-0.003; 55:0.003; 94:0.003; 92:-0.003; 102:-0.003; 10:0.003; 100:0.003; 5:0.003; 58:-0.003; 37:0.003; 118:0.003; 57:0.003; 51:-0.003; 59:-0.002; 7:0.002; 80:0.002; 69:0.002; 19:0.002; 61:-0.002; 107:0.002; 16:-0.002; 93:-0.002; 126:0.002; 47:-0.002; 24:-0.002; 40:-0.002; 87:-0.002; 103:-0.002; 74:-0.002; 28:0.002; 112:0.002; 97:-0.002; 8:-0.002; 123:-0.002; 13:-0.002; 52:0.002; 46:-0.002; 54:-0.002; 111:0.002; 72:-0.001; 0:0.001; 81:-0.001; 17:0.001; 12:0.001; 41:0.001; 98:0.001; 1:0.001; 95:-0.001; 77:0.001; 29:0.001; 108:0.001; 32:0.001; 124:0.001; 45:-0.001; 122:-0.001; 60:-0.001; 49:-0.001; 20:-0.001; 79:-0.001; 33:0.001; 25:0.001; 22:-0.001; 56:0.001; 96:-0.001; 18:-0.001; 130:0.001; 120:0.001; 89:0.001; 117:-0.001; 116:0.001; 110:-0.001; 31:0.001; 34:0.001; 2:0.000; 129:-0.000; 70:0.000; 76:0.000; 23:0.000; 68:0.000; 131:0.000; 27:-0.000; 84:0.000; 109:-0.000; 48:-0.000; 132:0.000; 90:0.000; 114:-0.000; 26:0.000; 127:-0.000; 65:-0.000; 53:-0.000; 67:-0.000; 106:0.000; 36:0.000; 21:0.000; 42:0.000; 78:-0.000; 121:0.000; 62:0.000; 105:0.000; 64:-0.000; 30:-0.000; 128:0.000; 38:-0.000; 63:-0.000; 104:-0.000; 88:-0.000
12,1,0.754331505267737,113:0.001; 43:0.001; 84:0.001; 12:0.001; 85:0.001; 26:0.001; 63:0.001; 14:0.001; 73:0.001; 25:0.001; 110:0.001; 65:0.001; 134:0.001; 9:0.001; 130:0.001; 102:0.001; 4:0.001; 141:-0.001; 41:-0.001; 119:0.001; 21:0.001; 88:0.001; 15:0.001; 87:0.001; 61:0.001; 109:0.001; 55:0.001; 132:0.001; 108:0.001; 133:0.001; 18:0.001; 82:0.001; 91:0.001; 19:0.001; 72:0.001; 77:0.001; 5:0.000; 64:0.000; 137:0.000; 99:0.000; 46:0.000; 52:0.000; 89:0.000; 95:0.000; 71:0.000; 22:0.000; 10:-0.000; 92:0.000; 47:0.000; 42:0.000; 33:0.000; 58:0.000; 0:0.000; 105:0.000; 117:0.000; 143:0.000; 51:0.000; 116:0.000; 75:0.000; 60:0.000; 62:0.000; 131:0.000; 135:0.000; 81:0.000; 53:0.000; 66:0.000; 67:-0.000; 68:0.000; 50:0.000; 106:0.000; 101:0.000; 39:0.000; 30:0.000; 44:0.000; 129:0.000; 23:0.000; 127:0.000; 126:0.000; 140:0.000; 103:0.000; 76:0.000; 107:0.000; 138:0.000; 120:0.000; 17:-0.000; 70:0.000; 94:0.000; 104:0.000; 142:0.000; 86:0.000; 112:0.000; 93:0.000; 79:0.000; 78:0.000; 128:0.000; 121:0.000; 31:0.000; 139:0.000; 111:-0.000; 37:0.000; 49:0.000; 97:0.000; 114:0.000; 56:-0.000; 54:0.000; 13:0.000; 36:0.000; 80:0.000; 40:-0.000; 3:-0.000; 29:-0.000; 100:0.000; 35:0.000; 20:0.000; 122:0.000; 48:0.000; 96:0.000; 69:0.000; 38:0.000; 90:0.000; 16:0.000; 11:0.000; 125:-0.000; 115:0.000; 8:0.000; 83:0.000; 144:0.000; 24:0.000; 98:0.000; 124:0.000; 1:0.000; 123:0.000; 6:-0.000; 34:0.000; 136:0.000; 2:0.000; 59:-0.000; 27:-0.000; 74:0.000; 57:-0.000; 45:0.000; 7:0.000; 32:-0.000; 28:0.000; 118:-0.000,113:-0.001; 43:-0.001; 84:-0.001; 12:-0.001; 85:-0.001; 26:-0.001; 63:-0.001; 14:-0.001; 73:-0.001; 25:-0.001; 110:-0.001; 65:-0.001; 134:-0.001; 9:-0.001; 130:-0.001; 102:-0.001; 4:-0.001; 141:0.001; 41:0.001; 119:-0.001; 21:-0.001; 88:-0.001; 15:-0.001; 87:-0.001; 61:-0.001; 109:-0.001; 55:-0.001; 132:-0.001; 108:-0.001; 133:-0.001; 18:-0.001; 82:-0.001; 91:-0.001; 19:-0.001; 72:-0.001; 77:-0.001; 5:-0.000; 64:-0.000; 137:-0.000; 99:-0.000; 46:-0.000; 52:-0.000; 89:-0.000; 95:-0.000; 71:-0.000; 22:-0.000; 10:0.000; 92:-0.000; 47:-0.000; 42:-0.000; 33:-0.000; 58:-0.000; 0:-0.000; 105:-0.000; 117:-0.000; 143:-0.000; 51:-0.000; 116:-0.000; 75:-0.000; 60:-0.000; 62:-0.000; 131:-0.000; 135:-0.000; 81:-0.000; 53:-0.000; 66:-0.000; 67:0.000; 68:-0.000; 50:-0.000; 106:-0.000; 101:-0.000; 39:-0.000; 30:-0.000; 44:-0.000; 129:-0.000; 23:-0.000; 127:-0.000; 126:-0.000; 140:-0.000; 103:-0.000; 76:-0.000; 107:-0.000; 138:-0.000; 120:-0.000; 17:0.000; 70:-0.000; 94:-0.000; 104:-0.000; 142:-0.000; 86:-0.000; 112:-0.000; 93:-0.000; 79:-0.000; 78:-0.000; 128:-0.000; 121:-0.000; 31:-0.000; 139:-0.000; 111:0.000; 37:-0.000; 49:-0.000; 97:-0.000; 114:-0.000; 56:0.000; 54:-0.000; 13:-0.000; 36:-0.000; 80:-0.000; 40:0.000; 3:0.000; 29:0.000; 100:-0.000; 35:-0.000; 20:-0.000; 122:-0.000; 48:-0.000; 96:-0.000; 69:-0.000; 38:-0.000; 90:-0.000; 16:-0.000; 11:-0.000; 125:0.000; 115:-0.000; 8:-0.000; 83:-0.000; 144:-0.000; 24:-0.000; 98:-0.000; 124:-0.000; 1:-0.000; 123:-0.000; 6:0.000; 34:-0.000; 136:-0.000; 2:-0.000; 59:0.000; 27:0.000; 74:-0.000; 57:0.000; 45:-0.000; 7:-0.000; 32:0.000; 28:-0.000; 118:0.000
13,1,0.8379493085749511,18:0.001; 15:0.001; 74:0.001; 63:0.001; 80:0.001; 81:0.001; 12:0.001; 82:0.001; 60:0.001; 14:0.001; 85:0.001; 99:0.001; 108:0.001; 84:0.001; 52:0.001; 4:0.001; 86:0.001; 5:0.001; 112:0.001; 39:-0.001; 138:0.001; 126:0.001; 139:0.001; 100:0.001; 76:0.001; 142:0.001; 46:0.001; 9:0.001; 22:0.001; 75:0.001; 64:0.001; 61:0.001; 114:0.001; 87:0.001; 94:0.001; 120:0.001; 36:0.001; 127:0.001; 91:0.001; 65:0.001; 83:0.001; 110:0.001; 54:0.001; 109:0.001; 92:0.001; 58:0.001; 49:0.001; 56:0.001; 79:0.001; 34:0.001; 88:0.001; 95:0.001; 124:0.001; 136:0.001; 128:0.001; 20:0.001; 30:0.001; 73:0.001; 72:0.001; 51:-0.000; 32:0.000; 78:0.000; 103:0.000; 129:0.000; 105:0.000; 42:0.000; 102:0.000; 35:0.000; 19:0.000; 90:0.000; 107:0.000; 59:0.000; 133:0.000; 123:0.000; 115:0.000; 44:0.000; 13:0.000; 27:0.000; 0:0.000; 71:0.000; 140:0.000; 69:0.000; 8:0.000; 89:0.000; 121:0.000; 47:0.000; 68:0.000; 96:0.000; 21:0.000; 41:0.000; 122:0.000; 33:0.000; 137:0.000; 40:0.000; 106:0.000; 97:0.000; 43:0.000; 117:0.000; 130:0.000; 23:0.000; 24:0.000; 57:0.000; 37:0.000; 55:0.000; 10:-0.000; 116:0.000; 48:0.000; 50:0.000; 3:0.000; 118:0.000; 113:0.000; 141:0.000; 53:-0.000; 134:-0.000; 29:0.000; 77:-0.000; 98:0.000; 45:0.000; 16:0.000; 66:0.000; 101:-0.000; 70:-0.000; 28:0.000; 125:0.000; 17:0.000; 62:-0.000; 11:-0.000; 93:0.000; 131:0.000; 25:0.000; 38:0.000; 1:0.000; 67:0.000; 104:0.000; 7:-0.000; 31:0.000; 2:0.000; 111:-0.000; 135:-0.000; 119:0.000; 6:-0.000; 26:0.000; 132:0.000,18:-0.001; 15:-0.001; 74:-0.001; 63:-0.001; 80:-0.001; 81:-0.001; 12:-0.001; 82:-0.001; 60:-0.001; 14:-0.001; 85:-0.001; 99:-0.001; 108:-0.001; 84:-0.001; 52:-0.001; 4:-0.001; 86:-0.001; 5:-0.001; 112:-0.001; 39:0.001; 138:-0.001; 126:-0.001; 139:-0.001; 100:-0.001; 76:-0.001; 142:-0.001; 46:-0.001; 9:-0.001; 22:-0.001; 75:-0.001; 64:-0.001; 61:-0.001; 114:-0.001; 87:-0.001; 94:-0.001; 120:-0.001; 36:-0.001; 127:-0.001; 91:-0.001; 65:-0.001; 83:-0.001; 110:-0.001; 54:-0.001; 109:-0.001; 92:-0.001; 58:-0.001; 49:-0.001; 56:-0.001; 79:-0.001; 34:-0.001; 88:-0.001; 95:-0.001; 124:-0.001; 136:-0.001; 128:-0.001; 20:-0.001; 30:-0.001; 73:-0.001; 72:-0.001; 51:0.000; 32:-0.000; 78:-0.000; 103:-0.000; 129:-0.000; 105:-0.000; 42:-0.000; 102:-0.000; 35:-0.000; 19:-0.000; 90:-0.000; 107:-0.000; 59:-0.000; 133:-0.000; 123:-0.000; 115:-0.000; 44:-0.000; 13:-0.000; 27:-0.000; 0:-0.000; 71:-0.000; 140:-0.000; 69:-0.000; 8:-0.000; 89:-0.000; 121:-0.000; 47:-0.000; 68:-0.000; 96:-0.000; 21:-0.000; 41:-0.000; 122:-0.000; 33:-0.000; 137:-0.000; 40:-0.000; 106:-0.000; 97:-0.000; 43:-0.000; 117:-0.000; 130:-0.000; 23:-0.000; 24:-0.000; 57:-0.000; 37:-0.000; 55:-0.000; 10:0.000; 116:-0.000; 48:-0.000; 50:-0.000; 3:-0.000; 118:-0.000; 113:-0.000; 141:-0.000; 53:0.000; 134:0.000; 29:-0.000; 77:0.000; 98:-0.000; 45:-0.000; 16:-0.000; 66:-0.000; 101:0.000; 70:0.000; 28:-0.000; 125:-0.000; 17:-0.000; 62:0.000; 11:0.000; 93:-0.000; 131:-0.000; 25:-0.000; 38:-0.000; 1:-0.000; 67:-0.000; 104:-0.000; 7:0.000; 31:-0.000; 2:-0.000; 111:0.000; 135:0.000; 119:-0.000; 6:0.000; 26:-0.000; 132:-0.000
14,1,0.6256643237844043,80:0.007; 39:-0.006; 59:0.005; 8:0.005; 29:-0.004; 15:0.004; 82:0.004; 2:-0.004; 10:-0.004; 4:0.004; 11:0.003; 83:0.003; 17:-0.003; 20:0.003; 92:0.003; 23:0.003; 62:0.003; 61:-0.003; 65:-0.002; 6:-0.002; 48:0.002; 128:0.002; 72:-0.002; 94:0.002; 21:0.002; 31:-0.002; 68:-0.002; 101:0.002; 67:0.001; 28:-0.001; 90:0.001; 53:-0.001; 35:0.001; 106:-0.001; 64:0.001; 38:-0.001; 1:-0.001; 9:-0.001; 103:0.001; 71:0.001; 111:0.001; 114:-0.001; 81:-0.001; 117:0.001; 70:0.001; 43:-0.001; 46:0.001; 112:0.001; 66:0.001; 13:-0.001; 78:0.001; 87:-0.001; 129:-0.001; 47:0.001; 95:0.001; 51:-0.001; 60:0.001; 41:-0.001; 49:-0.001; 127:-0.001; 107:-0.001; 50:0.001; 34:-0.001; 104:0.001; 56:0.001; 89:0.001; 30:0.001; 97:0.001; 12:-0.001; 77:0.000; 93:0.000; 63:-0.000; 58:0.000; 118:0.000; 91:-0.000; 0:0.000; 40:0.000; 122:-0.000; 7:0.000; 120:0.000; 32:0.000; 74:-0.000; 27:0.000; 33:0.000; 86:0.000; 14:0.000; 108:-0.000; 85:0.000; 36:0.000; 113:-0.000; 124:0.000; 119:0.000; 69:0.000; 110:0.000; 37:-0.000; 24:0.000; 42:-0.000; 22:-0.000; 76:0.000; 105:0.000; 84:-0.000; 121:0.000; 96:-0.000; 109:0.000; 102:0.000; 75:0.000; 54:-0.000; 123:0.000; 16:-0.000; 99:-0.000; 44:-0.000; 126:0.000; 45:-0.000; 100:0.000; 3:0.000; 125:0.000; 18:0.000; 115:0.000; 73:0.000; 26:0.000; 25:0.000; 5:0.000; 19:-0.000; 116:0.000; 88:0.000; 98:-0.000; 55:-0.000; 79:-0.000; 57:0.000; 52:-0.000,80:-0.007; 39:0.006; 59:-0.005; 8:-0.005; 29:0.004; 15:-0.004; 82:-0.004; 2:0.004; 10:0.004; 4:-0.004; 11:-0.003; 83:-0.003; 17:0.003; 20:-0.003; 92:-0.003; 23:-0.003; 62:-0.003; 61:0.003; 65:0.002; 6:0.002; 48:-0.002; 128:-0.002; 72:0.002; 94:-0.002; 21:-0.002; 31:0.002; 68:0.002; 101:-0.002; 67:-0.001; 28:0.001; 90:-0.001; 53:0.001; 35:-0.001; 106:0.001; 64:-0.001; 38:0.001; 1:0.001; 9:0.001; 103:-0.001; 71:-0.001; 111:-0.001; 114:0.001; 81:0.001; 117:-0.001; 70:-0.001; 43:0.001; 46:-0.001; 112:-0.001; 66:-0.001; 13:0.001; 78:-0.001; 87:0.001; 129:0.001; 47:-0.001; 95:-0.001; 51:0.001; 60:-0.001; 41:0.001; 49:0.001; 127:0.001; 107:0.001; 50:-0.001; 34:0.001; 104:-0.001; 56:-0.001; 89:-0.001; 30:-0.001; 97:-0.001; 12:0.001; 77:-0.000; 93:-0.000; 63:0.000; 58:-0.000; 118:-0.000; 91:0.000; 0:-0.000; 40:-0.000; 122:0.000; 7:-0.000; 120:-0.000; 32:-0.000; 74:0.000; 27:-0.000; 33:-0.000; 86:-0.000; 14:-0.000; 108:0.000; 85:-0.000; 36:-0.000; 113:0.000; 124:-0.000; 119:-0.000; 69:-0.000; 110:-0.000; 37:0.000; 24:-0.000; 42:0.000; 22:0.000; 76:-0.000; 105:-0.000; 84:0.000; 121:-0.000; 96:0.000; 109:-0.000; 102:-0.000; 75:-0.000; 54:0.000; 123:-0.000; 16:0.000; 99:0.000; 44:0.000; 126:-0.000; 45:0.000; 100:-0.000; 3:-0.000; 125:-0.000; 18:-0.000; 115:-0.000; 73:-0.000; 26:-0.000; 25:-0.000; 5:-0.000; 19:0.000; 116:-0.000; 88:-0.000; 98:0.000; 55:0.000; 79:0.000; 57:-0.000; 52:0.000
15,0,0.5971675662942919,32:-0.001; 130:-0.001; 2:-0.001; 46:-0.001; 23:-0.001; 50:-0.001; 43:-0.001; 20:-0.000; 21:-0.000; 60:-0.000; 125:-0.000; 89:-0.000; 18:-0.000; 30:-0.000; 37:-0.000; 65:-0.000; 90:-0.000; 85:-0.000; 108:-0.000; 57:-0.000; 1:-0.000; 36:-0.000; 45:-0.000; 14:-0.000; 0:-0.000; 15:0.000; 9:-0.000; 53:-0.000; 34:-0.000; 114:-0.000; 86:-0.000; 129:-0.000; 70:-0.000; 100:-0.000; 62:-0.000; 121:-0.000; 109:-0.000; 31:-0.000; 72:-0.000; 75:-0.000; 101:-0.000; 84:0.000; 61:0.000; 74:-0.000; 4:-0.000; 116:-0.000; 52:-0.000; 64:-0.000; 112:-0.000; 104:-0.000; 25:-0.000; 78:-0.000; 96:0.000; 66:-0.000; 71:0.000; 47:-0.000; 59:-0.000; 19:-0.000; 118:-0.000; 111:-0.000; 126:-0.000; 119:-0.000; 87:-0.000; 88:-0.000; 49:-0.000; 44:-0.000; 6:-0.000; 76:-0.000; 55:0.000; 26:-0.000; 131:-0.000; 48:0.000; 35:-0.000; 38:-0.000; 95:0.000; 124:-0.000; 73:-0.000; 77:-0.000; 91:-0.000; 94:0.000; 122:-0.000; 29:-0.000; 99:-0.000; 123:-0.000; 92:-0.000; 7:-0.000; 16:0.000; 117:-0.000; 82:0.000; 54:0.000; 80:0.000; 107:-0.000; 106:-0.000; 39:-0.000; 51:-0.000; 28:-0.000; 13:-0.000; 103:-0.000; 63:-0.000; 97:-0.000; 17:0.000; 93:0.000; 22:0.000; 105:-0.000; 12:0.000; 41:-0.000; 79:-0.000; 127:-0.000; 3:0.000; 33:-0.000; 98:-0.000; 120:0.000; 40:0.000; 42:-0.000; 24:-0.000; 10:-0.000; 113:-0.000; 56:-0.000; 110:0.000; 128:-0.000; 67:-0.000; 102:-0.000; 68:0.000; 8:-0.000; 83:-0.000; 69:-0.000; 81:-0.000; 27:-0.000; 115:0.000; 11:-0.000; 58:0.000; 5:0.000,32:0.001; 130:0.001; 2:0.001; 46:0.001; 23:0.001; 50:0.001; 43:0.001; 20:0.000; 21:0.000; 60:0.000; 125:0.000; 89:0.000; 18:0.000; 30:0.000; 37:0.000; 65:0.000; 90:0.000; 85:0.000; 108:0.000; 57:0.000; 1:0.000; 36:0.000; 45:0.000; 14:0.000; 0:0.000; 15:-0.000; 9:0.000; 53:0.000; 34:0.000; 114:0.000; 86:0.000; 129:0.000; 70:0.000; 100:0.000; 62:0.000; 121:0.000; 109:0.000; 31:0.000; 72:0.000; 75:0.000; 101:0.000; 84:-0.000; 61:-0.000; 74:0.000; 4:0.000; 116:0.000; 52:0.000; 64:0.000; 112:0.000; 104:0.000; 25:0.000; 78:0.000; 96:-0.000; 66:0.000; 71:-0.000; 47:0.000; 59:0.000; 19:0.000; 118:0.000; 111:0.000; 126:0.000; 119:0.000; 87:0.000; 88:0.000; 49:0.000; 44:0.000; 6:0.000; 76:0.000; 55:-0.000; 26:0.000; 131:0.000; 48:-0.000; 35:0.000; 38:0.000; 95:-0.000; 124:0.000; 73:0.000; 77:0.000; 91:0.000; 94:-0.000; 122:0.000; 29:0.000; 99:0.000; 123:0.000; 92:0.000; 7:0.000; 16:-0.000; 117:0.000; 82:-0.000; 54:-0.000; 80:-0.000; 107:0.000; 106:0.000; 39:0.000; 51:0.000; 28:0.000; 13:0.000; 103:0.000; 63:0.000; 97:0.000; 17:-0.000; 93:-0.000; 22:-0.000; 105:0.000; 12:-0.000; 41:0.000; 79:0.000; 127:0.000; 3:-0.000; 33:0.000; 98:0.000; 120:-0.000; 40:-0.000; 42:0.000; 24:0.000; 10:0.000; 113:0.000; 56:0.000; 110:-0.000; 128:0.000; 67:0.000; 102:0.000; 68:-0.000; 8:0.000; 83:0.000; 69:0.000; 81:0.000; 27:0.000; 115:-0.000; 11:0.000; 58:-0.000; 5:-0.000
16,1,0.5079414684824459,136:-0.001; 137:-0.001; 82:0.001; 42:-0.001; 61:0.001; 4:0.001; 138:0.001; 128:0.001; 2:-0.001; 115:0.001; 16:0.001; 28:-0.001; 9:0.001; 52:-0.001; 86:0.001; 70:-0.001; 12:0.001; 15:0.001; 6:-0.001; 62:0.001; 91:0.001; 19:-0.001; 10:-0.001; 126:0.001; 118:0.000; 135:0.000; 81:-0.000; 57:-0.000; 102:-0.000; 101:0.000; 76:0.000; 1:-0.000; 22:-0.000; 112:-0.000; 17:0.000; 77:0.000; 13:-0.000; 98:0.000; 78:-0.000; 116:0.000; 139:-0.000; 65:0.000; 11:-0.000; 120:-0.000; 49:-0.000; 106:-0.000; 63:-0.000; 51:0.000; 31:-0.000; 8:-0.000; 94:0.000; 47:-0.000; 29:-0.000; 46:-0.000; 80:-0.000; 132:-0.000; 83:0.000; 97:-0.000; 113:-0.000; 85:0.000; 39:-0.000; 84:-0.000; 7:-0.000; 134:-0.000; 110:0.000; 32:-0.000; 123:-0.000; 54:-0.000; 44:-0.000; 87:0.000; 131:-0.000; 30:0.000; 5:-0.000; 104:-0.000; 45:-0.000; 92:0.000; 114:-0.000; 56:0.000; 50:-0.000; 93:-0.000; 79:0.000; 21:0.000; 43:-0.000; 117:-0.000; 105:0.000; 23:-0.000; 33:-0.000; 40:0.000; 20:0.000; 95:0.000; 60:-0.000; 35:-0.000; 73:-0.000; 26:-0.000; 109:-0.000; 103:-0.000; 38:-0.000; 127:-0.000; 53:0.000; 69:-0.000; 107:0.000; 124:-0.000; 129:0.000; 75:0.000; 55:0.000; 90:0.000; 71:-0.000; 66:0.000; 108:-0.000; 96:-0.000; 24:0.000; 37:0.000; 64:0.000; 41:-0.000; 99:0.000; 68:-0.000; 89:0.000; 25:0.000; 74:0.000; 121:-0.000; 3:-0.000; 14:-0.000; 88:0.000; 111:0.000; 34:0.000; 72:0.000; 119:-0.000; 59:0.000; 130:0.000; 0:0.000; 125:0.000; 36:-0.000; 27:0.000; 122:-0.000; 100:0.000; 67:-0.000; 18:-0.000; 140:0.000; 133:0.000; 48:-0.000; 58:0.000,136:0.001; 137:0.001; 82:-0.001; 42:0.001; 61:-0.001; 4:-0.001; 138:-0.001; 128:-0.001; 2:0.001; 115:-0.001; 16:-0.001; 28:0.001; 9:-0.001; 52:0.001; 86:-0.001; 70:0.001; 12:-0.001; 15:-0.001; 6:0.001; 62:-0.001; 91:-0.001; 19:0.001; 10:0.001; 126:-0.001; 118:-0.000; 135:-0.000; 81:0.000; 57:0.000; 102:0.000; 101:-0.000; 76:-0.000; 1:0.000; 22:0.000; 112:0.000; 17:-0.000; 77:-0.000; 13:0.000; 98:-0.000; 78:0.000; 116:-0.000; 139:0.000; 65:-0.000; 11:0.000; 120:0.000; 49:0.000; 106:0.000; 63:0.000; 51:-0.000; 31:0.000; 8:0.000; 94:-0.000; 47:0.000; 29:0.000; 46:0.000; 80:0.000; 132:0.000; 83:-0.000; 97:0.000; 113:0.000; 85:-0.000; 39:0.000; 84:0.000; 7:0.000; 134:0.000; 110:-0.000; 32:0.000; 123:0.000; 54:0.000; 44:0.000; 87:-0.000; 131:0.000; 30:-0.000; 5:0.000; 104:0.000; 45:0.000; 92:-0.000; 114:0.000; 56:-0.000; 50:0.000; 93:0.000; 79:-0.000; 21:-0.000; 43:0.000; 117:0.000; 105:-0.000; 23:0.000; 33:0.000; 40:-0.000; 20:-0.000; 95:-0.000; 60:0.000; 35:0.000; 73:0.000; 26:0.000; 109:0.000; 103:0.000; 38:0.000; 127:0.000; 53:-0.000; 69:0.000; 107:-0.000; 124:0.000; 129:-0.000; 75:-0.000; 55:-0.000; 90:-0.000; 71:0.000; 66:-0.000; 108:0.000; 96:0.000; 24:-0.000; 37:-0.000; 64:-0.000; 41:0.000; 99:-0.000; 68:0.000; 89:-0.000; 25:-0.000; 74:-0.000; 121:0.000; 3:0.000; 14:0.000; 88:-0.000; 111:-0.000; 34:-0.000; 72:-0.000; 119:0.000; 59:-0.000; 130:-0.000; 0:-0.000; 125:-0.000; 36:0.000; 27:-0.000; 122:0.000; 100:-0.000; 67:0.000; 18:0.000; 140:-0.000; 133:-0.000; 48:0.000; 58:-0.000
17,1,0.5707279496473415,66:0.001; 42:-0.001; 95:0.001; 74:0.001; 46:-0.001; 4:0.001; 15:0.001; 138:-0.001; 105:0.001; 119:0.001; 61:0.001; 22:0.001; 90:0.001; 9:0.001; 52:0.001; 2:-0.001; 41:0.001; 18:0.001; 122:-0.001; 137:-0.001; 139:0.001; 20:0.001; 14:0.001; 120:-0.001; 92:0.001; 29:-0.001; 36:0.001; 133:-0.001; 12:0.001; 27:-0.001; 79:0.001; 17:-0.001; 81:0.001; 77:-0.000; 72:-0.000; 51:0.000; 65:0.000; 26:0.000; 124:0.000; 115:0.000; 125:0.000; 13:-0.000; 60:0.000; 108:0.000; 132:-0.000; 114:0.000; 34:-0.000; 8:0.000; 82:0.000; 21:-0.000; 24:0.000; 110:0.000; 109:0.000; 87:0.000; 10:-0.000; 104:0.000; 106:0.000; 57:-0.000; 96:0.000; 102:-0.000; 47:-0.000; 7:-0.000; 69:0.000; 55:0.000; 11:-0.000; 128:-0.000; 28:-0.000; 68:0.000; 70:-0.000; 1:-0.000; 6:-0.000; 59:0.000; 5:0.000; 143:-0.000; 16:-0.000; 67:0.000; 25:-0.000; 136:-0.000; 80:0.000; 141:0.000; 111:0.000; 97:0.000; 43:0.000; 73:0.000; 140:0.000; 94:0.000; 86:0.000; 112:0.000; 45:-0.000; 44:0.000; 98:0.000; 23:0.000; 31:0.000; 84:-0.000; 121:0.000; 93:-0.000; 3:-0.000; 134:-0.000; 142:-0.000; 83:0.000; 40:-0.000; 0:0.000; 33:0.000; 56:0.000; 48:0.000; 19:-0.000; 76:-0.000; 130:0.000; 107:0.000; 117:0.000; 135:0.000; 78:0.000; 85:-0.000; 62:-0.000; 39:-0.000; 99:-0.000; 89:-0.000; 37:0.000; 129:-0.000; 53:-0.000; 88:-0.000; 38:-0.000; 54:-0.000; 71:0.000; 91:-0.000; 100:0.000; 101:0.000; 49:0.000; 35:-0.000; 30:0.000; 131:0.000; 64:-0.000; 32:0.000; 126:-0.000; 103:-0.000; 58:0.000; 127:0.000; 113:0.000; 123:0.000; 116:-0.000; 50:0.000; 63:0.000; 118:0.000; 75:0.000,66:-0.001; 42:0.001; 95:-0.001; 74:-0.001; 46:0.001; 4:-0.001; 15:-0.001; 138:0.001; 105:-0.001; 119:-0.001; 61:-0.001; 22:-0.001; 90:-0.001; 9:-0.001; 52:-0.001; 2:0.001; 41:-0.001; 18:-0.001; 122:0.001; 137:0.001; 139:-0.001; 20:-0.001; 14:-0.001; 120:0.001; 92:-0.001; 29:0.001; 36:-0.001; 133:0.001; 12:-0.001; 27:0.001; 79:-0.001; 17:0.001; 81:-0.001; 77:0.000; 72:0.000; 51:-0.000; 65:-0.000; 26:-0.000; 124:-0.000; 115:-0.000; 125:-0.000; 13:0.000; 60:-0.000; 108:-0.000; 132:0.000; 114:-0.000; 34:0.000; 8:-0.000; 82:-0.000; 21:0.000; 24:-0.000; 110:-0.000; 109:-0.000; 87:-0.000; 10:0.000; 104:-0.000; 106:-0.000; 57:0.000; 96:-0.000; 102:0.000; 47:0.000; 7:0.000; 69:-0.000; 55:-0.000; 11:0.000; 128:0.000; 28:0.000; 68:-0.000; 70:0.000; 1:0.000; 6:0.000; 59:-0.000; 5:-0.000; 143:0.000; 16:0.000; 67:-0.000; 25:0.000; 136:0.000; 80:-0.000; 141:-0.000; 111:-0.000; 97:-0.000; 43:-0.000; 73:-0.000; 140:-0.000; 94:-0.000; 86:-0.000; 112:-0.000; 45:0.000; 44:-0.000; 98:-0.000; 23:-0.000; 31:-0.000; 84:0.000; 121:-0.000; 93:0.000; 3:0.000; 134:0.000; 142:0.000; 83:-0.000; 40:0.000; 0:-0.000; 33:-0.000; 56:-0.000; 48:-0.000; 19:0.000; 76:0.000; 130:-0.000; 107:-0.000; 117:-0.000; 135:-0.000; 78:-0.000; 85:0.000; 62:0.000; 39:0.000; 99:0.000; 89:0.000; 37:-0.000; 129:0.000; 53:0.000; 88:0.000; 38:0.000; 54:0.000; 71:-0.000; 91:0.000; 100:-0.000; 101:-0.000; 49:-0.000; 35:0.000; 30:-0.000; 131:-0.000; 64:0.000; 32:-0.000; 126:0.000; 103:0.000; 58:-0.000; 127:-0.000; 113:-0.000; 123:-0.000; 116:0.000; 50:-0.000; 63:-0.000; 118:-0.000; 75:-0.000
18,0,0.5229388231476064,35:-0.003; 8:-0.003; 4:0.002; 84:0.002; 14:0.002; 6:0.002; 58:0.002; 16:0.002; 19:0.002; 98:0.002; 23:-0.002; 49:-0.001; 1:-0.001; 88:0.001; 55:-0.001; 78:-0.001; 2:-0.001; 66:-0.001; 7:0.001; 44:0.001; 24:-0.001; 34:-0.001; 9:0.001; 106:0.001; 85:0.001; 72:-0.001; 95:0.001; 83:-0.001; 15:0.001; 70:0.001; 18:-0.001; 51:-0.001; 77:0.001; 96:0.001; 69:0.001; 28:-0.001; 62:0.001; 47:-0.001; 127:0.001; 37:-0.001; 40:-0.001; 29:-0.001; 61:0.001; 86:0.001; 134:0.001; 27:-0.001; 65:-0.001; 68:-0.001; 13:-0.001; 124:-0.001; 41:0.001; 131:0.001; 80:0.001; 79:0.001; 42:0.001; 56:-0.001; 60:-0.001; 33:0.001; 48:0.001; 111:-0.001; 112:-0.000; 10:-0.000; 105:0.000; 26:0.000; 122:-0.000; 116:0.000; 71:0.000; 92:-0.000; 25:-0.000; 133:-0.000; 103:-0.000; 99:0.000; 93:-0.000; 109:0.000; 97:-0.000; 67:0.000; 81:-0.000; 135:0.000; 45:0.000; 120:-0.000; 119:-0.000; 22:-0.000; 130:-0.000; 75:0.000; 100:-0.000; 129:-0.000; 3:-0.000; 21:-0.000; 46:-0.000; 91:-0.000; 12:-0.000; 108:-0.000; 54:0.000; 63:-0.000; 102:0.000; 82:-0.000; 90:-0.000; 36:-0.000; 32:-0.000; 110:0.000; 87:0.000; 107:-0.000; 89:-0.000; 115:-0.000; 123:-0.000; 73:-0.000; 31:0.000; 38:0.000; 17:-0.000; 113:-0.000; 128:0.000; 52:-0.000; 126:-0.000; 43:0.000; 30:-0.000; 5:-0.000; 20:0.000; 117:-0.000; 94:-0.000; 39:0.000; 50:-0.000; 118:0.000; 57:-0.000; 121:-0.000; 132:0.000; 101:0.000; 76:0.000; 0:-0.000; 114:0.000; 64:-0.000; 74:0.000; 11:0.000; 125:0.000; 53:-0.000; 59:-0.000; 104:-0.000,35:0.003; 8:0.003; 4:-0.002; 84:-0.002; 14:-0.002; 6:-0.002; 58:-0.002; 16:-0.002; 19:-0.002; 98:-0.002; 23:0.002; 49:0.001; 1:0.001; 88:-0.001; 55:0.001; 78:0.001; 2:0.001; 66:0.001; 7:-0.001; 44:-0.001; 24:0.001; 34:0.001; 9:-0.001; 106:-0.001; 85:-0.001; 72:0.001; 95:-0.001; 83:0.001; 15:-0.001; 70:-0.001; 18:0.001; 51:0.001; 77:-0.001; 96:-0.001; 69:-0.001; 28:0.001; 62:-0.001; 47:0.001; 127:-0.001; 37:0.001; 40:0.001; 29:0.001; 61:-0.001; 86:-0.001; 134:-0.001; 27:0.001; 65:0.001; 68:0.001; 13:0.001; 124:0.001; 41:-0.001; 131:-0.001; 80:-0.001; 79:-0.001; 42:-0.001; 56:0.001; 60:0.001; 33:-0.001; 48:-0.001; 111:0.001; 112:0.000; 10:0.000; 105:-0.000; 26:-0.000; 122:0.000; 116:-0.000; 71:-0.000; 92:0.000; 25:0.000; 133:0.000; 103:0.000; 99:-0.000; 93:0.000; 109:-0.000; 97:0.000; 67:-0.000; 81:0.000; 135:-0.000; 45:-0.000; 120:0.000; 119:0.000; 22:0.000; 130:0.000; 75:-0.000; 100:0.000; 129:0.000; 3:0.000; 21:0.000; 46:0.000; 91:0.000; 12:0.000; 108:0.000; 54:-0.000; 63:0.000; 102:-0.000; 82:0.000; 90:0.000; 36:0.000; 32:0.000; 110:-0.000; 87:-0.000; 107:0.000; 89:0.000; 115:0.000; 123:0.000; 73:0.000; 31:-0.000; 38:-0.000; 17:0.000; 113:0.000; 128:-0.000; 52:0.000; 126:0.000; 43:-0.000; 30:0.000; 5:0.000; 20:-0.000; 117:0.000; 94:0.000; 39:-0.000; 50:0.000; 118:-0.000; 57:0.000; 121:0.000; 132:-0.000; 101:-0.000; 76:-0.000; 0:0.000; 114:-0.000; 64:0.000; 74:-0.000; 11:-0.000; 125:-0.000; 53:0.000; 59:0.000; 104:0.000
19,1,0.6469889271828192,40:-0.001; 66:0.001; 15:0.001; 70:0.001; 83:0.001; 9:0.001; 14:0.001; 96:0.001; 78:0.001; 135:0.001; 146:-0.001; 20:0.001; 138:0.001; 53:-0.001; 104:0.001; 147:0.001; 2:-0.001; 114:0.001; 54:0.001; 92:0.001; 4:0.001; 39:0.001; 12:0.001; 67:0.001; 75:0.001; 133:0.001; 19:0.001; 98:0.001; 93:0.001; 113:0.001; 74:-0.001; 18:0.001; 68:-0.001; 91:0.001; 58:0.001; 17:0.001; 6:-0.001; 10:-0.001; 85:0.000; 44:-0.000; 117:0.000; 107:0.000; 27:0.000; 5:0.000; 89:0.000; 45:0.000; 137:0.000; 125:0.000; 1:-0.000; 108:0.000; 111:0.000; 127:0.000; 36:0.000; 79:0.000; 121:0.000; 102:-0.000; 69:-0.000; 112:0.000; 132:0.000; 63:0.000; 73:0.000; 56:0.000; 33:-0.000; 52:0.000; 90:-0.000; 101:0.000; 11:-0.000; 0:0.000; 24:0.000; 124:0.000; 41:0.000; 25:0.000; 48:0.000; 38:0.000; 62:0.000; 76:0.000; 32:0.000; 55:-0.000; 47:0.000; 3:-0.000; 130:0.000; 115:0.000; 42:-0.000; 29:-0.000; 86:0.000; 99:0.000; 140:0.000; 116:0.000; 131:0.000; 126:0.000; 81:-0.000; 61:0.000; 22:-0.000; 57:-0.000; 119:0.000; 100:0.000; 95:0.000; 123:-0.000; 120:0.000; 128:-0.000; 35:0.000; 148:-0.000; 94:0.000; 21:0.000; 87:-0.000; 72:0.000; 23:0.000; 31:0.000; 34:0.000; 82:-0.000; 106:-0.000; 7:0.000; 122:0.000; 145:0.000; 65:0.000; 37:0.000; 110:-0.000; 43:0.000; 84:0.000; 30:-0.000; 13:-0.000; 134:0.000; 97:0.000; 129:0.000; 143:-0.000; 141:0.000; 109:0.000; 77:0.000; 142:0.000; 103:-0.000; 144:-0.000; 71:0.000; 46:0.000; 51:-0.000; 60:-0.000; 49:-0.000; 59:0.000; 139:0.000; 80:0.000; 118:0.000; 50:-0.000; 26:0.000; 136:0.000; 64:-0.000; 105:0.000; 88:-0.000; 8:0.000; 28:0.000; 16:-0.000,40:0.001; 66:-0.001; 15:-0.001; 70:-0.001; 83:-0.001; 9:-0.001; 14:-0.001; 96:-0.001; 78:-0.001; 135:-0.001; 146:0.001; 20:-0.001; 138:-0.001; 53:0.001; 104:-0.001; 147:-0.001; 2:0.001; 114:-0.001; 54:-0.001; 92:-0.001; 4:-0.001; 39:-0.001; 12:-0.001; 67:-0.001; 75:-0.001; 133:-0.001; 19:-0.001; 98:-0.001; 93:-0.001; 113:-0.001; 74:0.001; 18:-0.001; 68:0.001; 91:-0.001; 58:-0.001; 17:-0.001; 6:0.001; 10:0.001; 85:-0.000; 44:0.000; 117:-0.000; 107:-0.000; 27:-0.000; 5:-0.000; 89:-0.000; 45:-0.000; 137:-0.000; 125:-0.000; 1:0.000; 108:-0.000; 111:-0.000; 127:-0.000; 36:-0.000; 79:-0.000; 121:-0.000; 102:0.000; 69:0.000; 112:-0.000; 132:-0.000; 63:-0.000; 73:-0.000; 56:-0.000; 33:0.000; 52:-0.000; 90:0.000; 101:-0.000; 11:0.000; 0:-0.000; 24:-0.000; 124:-0.000; 41:-0.000; 25:-0.000; 48:-0.000; 38:-0.000; 62:-0.000; 76:-0.000; 32:-0.000; 55:0.000; 47:-0.000; 3:0.000; 130:-0.000; 115:-0.000; 42:0.000; 29:0.000; 86:-0.000; 99:-0.000; 140:-0.000; 116:-0.000; 131:-0.000; 126:-0.000; 81:0.000; 61:-0.000; 22:0.000; 57:0.000; 119:-0.000; 100:-0.000; 95:-0.000; 123:0.000; 120:-0.000; 128:0.000; 35:-0.000; 148:0.000; 94:-0.000; 21:-0.000; 87:0.000; 72:-0.000; 23:-0.000; 31:-0.000; 34:-0.000; 82:0.000; 106:0.000; 7:-0.000; 122:-0.000; 145:-0.000; 65:-0.000; 37:-0.000; 110:0.000; 43:-0.000; 84:-0.000; 30:0.000; 13:0.000; 134:-0.000; 97:-0.000; 129:-0.000; 143:0.000; 141:-0.000; 109:-0.000; 77:-0.000; 142:-0.000; 103:0.000; 144:0.000; 71:-0.000; 46:-0.000; 51:0.000; 60:0.000; 49:0.000; 59:-0.000; 139:-0.000; 80:-0.000; 118:-0.000; 50:0.000; 26:-0.000; 136:-0.000; 64:0.000; 105:-0.000; 88:0.000; 8:-0.000; 28:-0.000; 16:0.000
20,1,0.586809758296777,19:0.003; 31:-0.003; 59:0.002; 82:0.002; 72:0.002; 79:0.002; 116:0.002; 6:0.002; 3:0.002; 1:-0.002; 9:0.001; 21:0.001; 75:0.001; 47:-0.001; 93:0.001; 2:0.001; 7:-0.001; 51:-0.001; 68:-0.001; 57:-0.001; 83:0.001; 105:0.001; 81:0.001; 119:0.001; 42:0.001; 55:-0.001; 14:-0.001; 54:0.001; 17:0.001; 110:-0.001; 38:-0.001; 36:-0.001; 92:-0.001; 125:0.001; 41:0.001; 10:-0.001; 128:0.001; 103:0.001; 34:0.001; 80:-0.001; 89:0.001; 107:0.000; 126:-0.000; 49:-0.000; 48:0.000; 0:0.000; 16:0.000; 58:0.000; 77:0.000; 35:-0.000; 43:0.000; 138:-0.000; 50:0.000; 18:-0.000; 114:0.000; 4:-0.000; 96:0.000; 109:0.000; 87:0.000; 84:-0.000; 60:0.000; 94:0.000; 129:0.000; 76:-0.000; 30:-0.000; 25:-0.000; 27:0.000; 100:-0.000; 26:0.000; 70:0.000; 115:-0.000; 98:0.000; 69:0.000; 33:-0.000; 73:0.000; 37:0.000; 15:0.000; 44:0.000; 132:0.000; 86:-0.000; 117:0.000; 20:-0.000; 62:0.000; 122:0.000; 104:0.000; 137:0.000; 11:0.000; 91:-0.000; 67:0.000; 124:-0.000; 39:-0.000; 88:0.000; 78:-0.000; 13:0.000; 71:-0.000; 112:0.000; 24:-0.000; 46:-0.000; 61:0.000; 130:-0.000; 65:0.000; 28:0.000; 106:0.000; 118:0.000; 131:0.000; 74:-0.000; 63:-0.000; 52:-0.000; 139:0.000; 113:-0.000; 32:-0.000; 12:0.000; 45:-0.000; 120:0.000; 136:0.000; 64:0.000; 56:-0.000; 121:0.000; 135:0.000; 23:-0.000; 95:0.000; 29:0.000; 111:-0.000; 97:-0.000; 8:-0.000; 133:0.000; 127:0.000; 90:0.000; 101:0.000; 66:0.000; 99:0.000; 5:-0.000; 22:-0.000; 102:-0.000; 108:-0.000; 40:-0.000; 53:-0.000; 85:0.000; 123:0.000; 134:-0.000,19:-0.003; 31:0.003; 59:-0.002; 82:-0.002; 72:-0.002; 79:-0.002; 116:-0.002; 6:-0.002; 3:-0.002; 1:0.002; 9:-0.001; 21:-0.001; 75:-0.001; 47:0.001; 93:-0.001; 2:-0.001; 7:0.001; 51:0.001; 68:0.001; 57:0.001; 83:-0.001; 105:-0.001; 81:-0.001; 119:-0.001; 42:-0.001; 55:0.001; 14:0.001; 54:-0.001; 17:-0.001; 110:0.001; 38:0.001; 36:0.001; 92:0.001; 125:-0.001; 41:-0.001; 10:0.001; 128:-0.001; 103:-0.001; 34:-0.001; 80:0.001; 89:-0.001; 107:-0.000; 126:0.000; 49:0.000; 48:-0.000; 0:-0.000; 16:-0.000; 58:-0.000; 77:-0.000; 35:0.000; 43:-0.000; 138:0.000; 50:-0.000; 18:0.000; 114:-0.000; 4:0.000; 96:-0.000; 109:-0.000; 87:-0.000; 84:0.000; 60:-0.000; 94:-0.000; 129:-0.000; 76:0.000; 30:0.000; 25:0.000; 27:-0.000; 100:0.000; 26:-0.000; 70:-0.000; 115:0.000; 98:-0.000; 69:-0.000; 33:0.000; 73:-0.000; 37:-0.000; 15:-0.000; 44:-0.000; 132:-0.000; 86:0.000; 117:-0.000; 20:0.000; 62:-0.000; 122:-0.000; 104:-0.000; 137:-0.000; 11:-0.000; 91:0.000; 67:-0.000; 124:0.000; 39:0.000; 88:-0.000; 78:0.000; 13:-0.000; 71:0.000; 112:-0.000; 24:0.000; 46:0.000; 61:-0.000; 130:0.000; 65:-0.000; 28:-0.000; 106:-0.000; 118:-0.000; 131:-0.000; 74:0.000; 63:0.000; 52:0.000; 139:-0.000; 113:0.000; 32:0.000; 12:-0.000; 45:0.000; 120:-0.000; 136:-0.000; 64:-0.000; 56:0.000; 121:-0.000; 135:-0.000; 23:0.000; 95:-0.000; 29:-0.000; 111:0.000; 97:0.000; 8:0.000; 133:-0.000; 127:-0.000; 90:-0.000; 101:-0.000; 66:-0.000; 99:-0.000; 5:0.000; 22:0.000; 102:0.000; 108:0.000; 40:0.000; 53:0.000; 85:-0.000; 123:-0.000; 134:0.000
21,1,0.8601035754975026,69:0.004; 64:0.003; 83:0.003; 4:0.002; 100:0.002; 39:-0.002; 65:0.002; 16:0.002; 48:0.002; 11:0.002; 114:0.002; 89:0.002; 88:0.002; 86:0.002; 8:0.002; 17:0.002; 87:0.002; 51:0.002; 67:0.001; 52:-0.001; 77:0.001; 108:0.001; 14:0.001; 105:0.001; 103:0.001; 75:0.001; 40:0.001; 15:0.001; 30:-0.001; 97:0.001; 98:0.001; 53:-0.001; 104:0.001; 94:0.001; 71:-0.001; 66:0.001; 92:0.001; 18:0.001; 73:0.001; 137:0.001; 84:0.001; 26:0.001; 142:0.001; 2:-0.001; 122:0.001; 31:0.001; 21:0.001; 130:0.001; 78:0.001; 3:-0.001; 70:0.001; 133:0.001; 68:0.001; 25:0.001; 27:-0.001; 23:0.001; 136:0.001; 58:-0.001; 72:-0.001; 113:0.001; 141:0.001; 50:0.001; 35:0.001; 37:0.001; 124:0.001; 6:-0.001; 132:0.001; 117:0.001; 126:0.001; 131:0.001; 34:0.001; 9:-0.001; 115:0.001; 101:0.001; 102:-0.001; 45:0.001; 43:-0.001; 22:0.001; 19:0.001; 82:0.001; 121:0.001; 125:0.001; 116:0.001; 85:0.001; 38:0.001; 96:0.000; 109:0.000; 134:0.000; 13:0.000; 139:0.000; 135:0.000; 79:0.000; 106:0.000; 0:0.000; 74:0.000; 143:0.000; 24:0.000; 99:0.000; 41:-0.000; 36:0.000; 138:0.000; 128:0.000; 33:-0.000; 120:0.000; 55:0.000; 123:-0.000; 111:0.000; 54:0.000; 127:0.000; 59:0.000; 46:0.000; 63:0.000; 112:-0.000; 129:0.000; 144:0.000; 5:-0.000; 93:0.000; 95:0.000; 7:-0.000; 12:0.000; 32:0.000; 47:0.000; 107:0.000; 118:0.000; 80:-0.000; 42:0.000; 119:0.000; 110:-0.000; 10:-0.000; 1:0.000; 49:0.000; 29:-0.000; 140:0.000; 90:-0.000; 44:0.000; 76:-0.000; 20:0.000; 28:0.000; 145:0.000; 57:0.000; 60:0.000; 56:0.000; 81:-0.000; 91:0.000; 61:0.000; 62:-0.000,69:-0.004; 64:-0.003; 83:-0.003; 4:-0.002; 100:-0.002; 39:0.002; 65:-0.002; 16:-0.002; 48:-0.002; 11:-0.002; 114:-0.002; 89:-0.002; 88:-0.002; 86:-0.002; 8:-0.002; 17:-0.002; 87:-0.002; 51:-0.002; 67:-0.001; 52:0.001; 77:-0.001; 108:-0.001; 14:-0.001; 105:-0.001; 103:-0.001; 75:-0.001; 40:-0.001; 15:-0.001; 30:0.001; 97:-0.001; 98:-0.001; 53:0.001; 104:-0.001; 94:-0.001; 71:0.001; 66:-0.001; 92:-0.001; 18:-0.001; 73:-0.001; 137:-0.001; 84:-0.001; 26:-0.001; 142:-0.001; 2:0.001; 122:-0.001; 31:-0.001; 21:-0.001; 130:-0.001; 78:-0.001; 3:0.001; 70:-0.001; 133:-0.001; 68:-0.001; 25:-0.001; 27:0.001; 23:-0.001; 136:-0.001; 58:0.001; 72:0.001; 113:-0.001; 141:-0.001; 50:-0.001; 35:-0.001; 37:-0.001; 124:-0.001; 6:0.001; 132:-0.001; 117:-0.001; 126:-0.001; 131:-0.001; 34:-0.001; 9:0.001; 115:-0.001; 101:-0.001; 102:0.001; 45:-0.001; 43:0.001; 22:-0.001; 19:-0.001; 82:-0.001; 121:-0.001; 125:-0.001; 116:-0.001; 85:-0.001; 38:-0.001; 96:-0.000; 109:-0.000; 134:-0.000; 13:-0.000; 139:-0.000; 135:-0.000; 79:-0.000; 106:-0.000; 0:-0.000; 74:-0.000; 143:-0.000; 24:-0.000; 99:-0.000; 41:0.000; 36:-0.000; 138:-0.000; 128:-0.000; 33:0.000; 120:-0.000; 55:-0.000; 123:0.000; 111:-0.000; 54:-0.000; 127:-0.000; 59:-0.000; 46:-0.000; 63:-0.000; 112:0.000; 129:-0.000; 144:-0.000; 5:0.000; 93:-0.000; 95:-0.000; 7:0.000; 12:-0.000; 32:-0.000; 47:-0.000; 107:-0.000; 118:-0.000; 80:0.000; 42:-0.000; 119:-0.000; 110:0.000; 10:0.000; 1:-0.000; 49:-0.000; 29:0.000; 140:-0.000; 90:0.000; 44:-0.000; 76:0.000; 20:-0.000; 28:-0.000; 145:-0.000; 57:-0.000; 60:-0.000; 56:-0.000; 81:0.000; 91:-0.000; 61:-0.000; 62:0.000
22,0,0.7285208971646467,4:0.007; 82:0.007; 40:-0.005; 59:0.005; 2:-0.005; 30:-0.004; 19:0.004; 73:0.004; 31:-0.003; 1:-0.003; 52:-0.003; 43:-0.003; 16:0.003; 74:-0.003; 70:-0.003; 107:0.003; 65:-0.003; 39:0.003; 91:0.002; 56:0.002; 32:-0.002; 7:-0.002; 84:0.002; 85:-0.002; 61:-0.002; 14:0.002; 15:0.002; 53:-0.002; 50:0.002; 5:-0.002; 33:-0.002; 62:-0.002; 37:-0.002; 83:0.002; 12:-0.002; 51:-0.002; 41:0.002; 34:-0.002; 81:-0.002; 77:-0.001; 99:0.001; 13:-0.001; 69:-0.001; 46:-0.001; 79:-0.001; 6:0.001; 96:0.001; 29:-0.001; 94:-0.001; 89:-0.001; 111:0.001; 115:0.001; 133:-0.001; 54:0.001; 58:-0.001; 87:-0.001; 92:-0.001; 100:-0.001; 105:-0.001; 17:-0.001; 18:-0.001; 123:-0.001; 116:-0.001; 101:0.001; 48:-0.001; 44:-0.001; 11:-0.001; 0:-0.001; 80:-0.001; 106:0.001; 55:-0.001; 49:-0.001; 38:0.001; 57:-0.001; 28:-0.001; 27:-0.001; 67:-0.001; 64:0.001; 118:-0.000; 93:-0.000; 10:0.000; 117:-0.000; 72:0.000; 119:-0.000; 95:0.000; 76:0.000; 124:0.000; 108:0.000; 125:-0.000; 22:-0.000; 20:-0.000; 97:-0.000; 121:-0.000; 90:0.000; 130:-0.000; 88:-0.000; 120:-0.000; 36:0.000; 114:0.000; 26:-0.000; 75:0.000; 47:-0.000; 86:-0.000; 110:-0.000; 3:-0.000; 126:-0.000; 131:-0.000; 71:-0.000; 42:-0.000; 9:0.000; 104:-0.000; 23:-0.000; 24:-0.000; 103:-0.000; 25:-0.000; 60:0.000; 66:-0.000; 8:-0.000; 35:-0.000; 113:-0.000; 68:0.000; 45:-0.000; 128:0.000; 78:-0.000; 129:0.000; 21:0.000; 102:0.000; 132:-0.000; 122:0.000; 112:0.000; 127:-0.000; 98:0.000; 63:0.000; 109:-0.000,4:-0.007; 82:-0.007; 40:0.005; 59:-0.005; 2:0.005; 30:0.004; 19:-0.004; 73:-0.004; 31:0.003; 1:0.003; 52:0.003; 43:0.003; 16:-0.003; 74:0.003; 70:0.003; 107:-0.003; 65:0.003; 39:-0.003; 91:-0.002; 56:-0.002; 32:0.002; 7:0.002; 84:-0.002; 85:0.002; 61:0.002; 14:-0.002; 15:-0.002; 53:0.002; 50:-0.002; 5:0.002; 33:0.002; 62:0.002; 37:0.002; 83:-0.002; 12:0.002; 51:0.002; 41:-0.002; 34:0.002; 81:0.002; 77:0.001; 99:-0.001; 13:0.001; 69:0.001; 46:0.001; 79:0.001; 6:-0.001; 96:-0.001; 29:0.001; 94:0.001; 89:0.001; 111:-0.001; 115:-0.001; 133:0.001; 54:-0.001; 58:0.001; 87:0.001; 92:0.001; 100:0.001; 105:0.001; 17:0.001; 18:0.001; 123:0.001; 116:0.001; 101:-0.001; 48:0.001; 44:0.001; 11:0.001; 0:0.001; 80:0.001; 106:-0.001; 55:0.001; 49:0.001; 38:-0.001; 57:0.001; 28:0.001; 27:0.001; 67:0.001; 64:-0.001; 118:0.000; 93:0.000; 10:-0.000; 117:0.000; 72:-0.000; 119:0.000; 95:-0.000; 76:-0.000; 124:-0.000; 108:-0.000; 125:0.000; 22:0.000; 20:0.000; 97:0.000; 121:0.000; 90:-0.000; 130:0.000; 88:0.000; 120:0.000; 36:-0.000; 114:-0.000; 26:0.000; 75:-0.000; 47:0.000; 86:0.000; 110:0.000; 3:0.000; 126:0.000; 131:0.000; 71:0.000; 42:0.000; 9:-0.000; 104:0.000; 23:0.000; 24:0.000; 103:0.000; 25:0.000; 60:-0.000; 66:0.000; 8:0.000; 35:0.000; 113:0.000; 68:-0.000; 45:0.000; 128:-0.000; 78:0.000; 129:-0.000; 21:-0.000; 102:-0.000; 132:0.000; 122:-0.000; 112:-0.000; 127:0.000; 98:-0.000; 63:-0.000; 109:0.000
23,0,0.8173691315128737,6:-0.003; 75:0.003; 39:-0.003; 67:0.003; 32:-0.003; 42:-0.002; 10:-0.002; 60:-0.002; 65:-0.002; 25:0.002; 54:-0.002; 3:-0.002; 18:-0.002; 71:0.002; 11:-0.002; 27:-0.002; 68:0.002; 52:-0.002; 15:0.002; 101:-0.002; 1:-0.002; 59:0.002; 4:0.002; 2:-0.002; 34:-0.002; 122:-0.002; 55:-0.001; 13:-0.001; 74:0.001; 41:0.001; 50:0.001; 128:-0.001; 98:0.001; 24:-0.001; 130:-0.001; 30:-0.001; 134:0.001; 12:0.001; 29:-0.001; 82:-0.001; 118:-0.001; 125:0.001; 64:-0.001; 49:-0.001; 62:-0.001; 121:-0.001; 90:-0.001; 138:-0.001; 135:-0.001; 136:-0.001; 72:-0.001; 66:-0.001; 37:-0.001; 129:-0.001; 86:-0.001; 107:0.001; 132:-0.001; 119:-0.001; 113:0.001; 102:-0.001; 43:-0.001; 16:0.001; 46:-0.001; 28:-0.001; 79:-0.001; 100:-0.001; 80:-0.001; 131:-0.001; 95:-0.001; 36:-0.001; 104:-0.001; 56:0.001; 61:-0.001; 22:-0.001; 89:-0.001; 92:-0.001; 70:-0.001; 109:-0.001; 111:0.001; 0:-0.001; 133:0.001; 88:-0.001; 9:0.001; 126:0.001; 38:0.001; 44:-0.001; 58:-0.001; 7:-0.001; 51:-0.001; 76:-0.001; 94:-0.000; 123:-0.000; 77:-0.000; 117:-0.000; 20:0.000; 141:-0.000; 103:-0.000; 73:-0.000; 137:-0.000; 108:-0.000; 116:-0.000; 114:-0.000; 47:0.000; 91:-0.000; 127:-0.000; 45:-0.000; 48:-0.000; 78:-0.000; 106:-0.000; 140:-0.000; 14:0.000; 112:-0.000; 93:-0.000; 35:-0.000; 110:0.000; 97:-0.000; 81:0.000; 17:0.000; 139:-0.000; 99:-0.000; 26:-0.000; 33:0.000; 120:-0.000; 63:-0.000; 23:-0.000; 85:-0.000; 40:-0.000; 105:-0.000; 124:0.000; 21:0.000; 57:-0.000; 84:-0.000; 115:-0.000; 5:-0.000; 69:-0.000; 83:-0.000; 8:0.000; 31:-0.000; 19:0.000; 53:-0.000; 87:0.000; 96:-0.000,6:0.003; 75:-0.003; 39:0.003; 67:-0.003; 32:0.003; 42:0.002; 10:0.002; 60:0.002; 65:0.002; 25:-0.002; 54:0.002; 3:0.002; 18:0.002; 71:-0.002; 11:0.002; 27:0.002; 68:-0.002; 52:0.002; 15:-0.002; 101:0.002; 1:0.002; 59:-0.002; 4:-0.002; 2:0.002; 34:0.002; 122:0.002; 55:0.001; 13:0.001; 74:-0.001; 41:-0.001; 50:-0.001; 128:0.001; 98:-0.001; 24:0.001; 130:0.001; 30:0.001; 134:-0.001; 12:-0.001; 29:0.001; 82:0.001; 118:0.001; 125:-0.001; 64:0.001; 49:0.001; 62:0.001; 121:0.001; 90:0.001; 138:0.001; 135:0.001; 136:0.001; 72:0.001; 66:0.001; 37:0.001; 129:0.001; 86:0.001; 107:-0.001; 132:0.001; 119:0.001; 113:-0.001; 102:0.001; 43:0.001; 16:-0.001; 46:0.001; 28:0.001; 79:0.001; 100:0.001; 80:0.001; 131:0.001; 95:0.001; 36:0.001; 104:0.001; 56:-0.001; 61:0.001; 22:0.001; 89:0.001; 92:0.001; 70:0.001; 109:0.001; 111:-0.001; 0:0.001; 133:-0.001; 88:0.001; 9:-0.001; 126:-0.001; 38:-0.001; 44:0.001; 58:0.001; 7:0.001; 51:0.001; 76:0.001; 94:0.000; 123:0.000; 77:0.000; 117:0.000; 20:-0.000; 141:0.000; 103:0.000; 73:0.000; 137:0.000; 108:0.000; 116:0.000; 114:0.000; 47:-0.000; 91:0.000; 127:0.000; 45:0.000; 48:0.000; 78:0.000; 106:0.000; 140:0.000; 14:-0.000; 112:0.000; 93:0.000; 35:0.000; 110:-0.000; 97:0.000; 81:-0.000; 17:-0.000; 139:0.000; 99:0.000; 26:0.000; 33:-0.000; 120:0.000; 63:0.000; 23:0.000; 85:0.000; 40:0.000; 105:0.000; 124:-0.000; 21:-0.000; 57:0.000; 84:0.000; 115:0.000; 5:0.000; 69:0.000; 83:0.000; 8:-0.000; 31:0.000; 19:-0.000; 53:0.000; 87:-0.000; 96:0.000
24,1,0.5637438976673904,90:0.002; 88:0.002; 43:-0.002; 102:0.001; 15:0.001; 18:0.001; 63:0.001; 92:0.001; 53:-0.001; 65:-0.001; 51:0.001; 11:0.001; 14:-0.001; 28:-0.001; 4:0.001; 10:-0.001; 72:-0.001; 78:-0.001; 30:-0.001; 40:0.001; 134:0.001; 70:0.001; 19:0.001; 69:-0.001; 74:0.001; 96:0.001; 12:-0.001; 38:-0.001; 131:0.001; 99:-0.001; 57:-0.001; 8:0.001; 100:-0.001; 54:0.001; 108:0.001; 104:0.001; 122:-0.001; 75:0.001; 5:0.000; 6:-0.000; 2:-0.000; 16:0.000; 46:0.000; 34:-0.000; 33:-0.000; 81:0.000; 87:-0.000; 85:-0.000; 109:-0.000; 107:0.000; 114:0.000; 128:0.000; 22:0.000; 62:0.000; 41:0.000; 3:-0.000; 64:0.000; 137:-0.000; 95:0.000; 55:0.000; 127:-0.000; 17:-0.000; 113:-0.000; 42:-0.000; 39:0.000; 94:0.000; 60:-0.000; 36:-0.000; 67:0.000; 77:0.000; 132:0.000; 140:0.000; 52:0.000; 47:-0.000; 111:0.000; 98:0.000; 125:-0.000; 121:0.000; 56:-0.000; 101:-0.000; 27:0.000; 123:0.000; 110:0.000; 138:0.000; 117:0.000; 120:-0.000; 37:0.000; 31:-0.000; 13:-0.000; 61:-0.000; 143:-0.000; 66:0.000; 68:-0.000; 25:0.000; 112:0.000; 83:0.000; 76:0.000; 48:-0.000; 141:0.000; 26:-0.000; 133:0.000; 126:0.000; 130:0.000; 7:0.000; 86:0.000; 129:0.000; 91:0.000; 116:0.000; 24:-0.000; 135:-0.000; 44:0.000; 58:-0.000; 71:-0.000; 21:-0.000; 23:-0.000; 142:0.000; 82:0.000; 73:-0.000; 0:-0.000; 32:-0.000; 1:0.000; 139:0.000; 84:-0.000; 93:0.000; 9:0.000; 115:0.000; 103:0.000; 118:0.000; 49:0.000; 89:-0.000; 59:0.000; 106:0.000; 105:-0.000; 80:0.000; 136:0.000; 50:-0.000; 124:-0.000; 35:0.000; 119:-0.000; 29:0.000; 20:-0.000; 97:-0.000; 79:0.000; 45:-0.000,90:-0.002; 88:-0.002; 43:0.002; 102:-0.001; 15:-0.001; 18:-0.001; 63:-0.001; 92:-0.001; 53:0.001; 65:0.001; 51:-0.001; 11:-0.001; 14:0.001; 28:0.001; 4:-0.001; 10:0.001; 72:0.001; 78:0.001; 30:0.001; 40:-0.001; 134:-0.001; 70:-0.001; 19:-0.001; 69:0.001; 74:-0.001; 96:-0.001; 12:0.001; 38:0.001; 131:-0.001; 99:0.001; 57:0.001; 8:-0.001; 100:0.001; 54:-0.001; 108:-0.001; 104:-0.001; 122:0.001; 75:-0.001; 5:-0.000; 6:0.000; 2:0.000; 16:-0.000; 46:-0.000; 34:0.000; 33:0.000; 81:-0.000; 87:0.000; 85:0.000; 109:0.000; 107:-0.000; 114:-0.000; 128:-0.000; 22:-0.000; 62:-0.000; 41:-0.000; 3:0.000; 64:-0.000; 137:0.000; 95:-0.000; 55:-0.000; 127:0.000; 17:0.000; 113:0.000; 42:0.000; 39:-0.000; 94:-0.000; 60:0.000; 36:0.000; 67:-0.000; 77:-0.000; 132:-0.000; 140:-0.000; 52:-0.000; 47:0.000; 111:-0.000; 98:-0.000; 125:0.000; 121:-0.000; 56:0.000; 101:0.000; 27:-0.000; 123:-0.000; 110:-0.000; 138:-0.000; 117:-0.000; 120:0.000; 37:-0.000; 31:0.000; 13:0.000; 61:0.000; 143:0.000; 66:-0.000; 68:0.000; 25:-0.000; 112:-0.000; 83:-0.000; 76:-0.000; 48:0.000; 141:-0.000; 26:0.000; 133:-0.000; 126:-0.000; 130:-0.000; 7:-0.000; 86:-0.000; 129:-0.000; 91:-0.000; 116:-0.000; 24:0.000; 135:0.000; 44:-0.000; 58:0.000; 71:0.000; 21:0.000; 23:0.000; 142:-0.000; 82:-0.000; 73:0.000; 0:0.000; 32:0.000; 1:-0.000; 139:-0.000; 84:0.000; 93:-0.000; 9:-0.000; 115:-0.000; 103:-0.000; 118:-0.000; 49:-0.000; 89:0.000; 59:-0.000; 106:-0.000; 105:0.000; 80:-0.000; 136:-0.000; 50:0.000; 124:0.000; 35:-0.000; 119:0.000; 29:-0.000; 20:0.000; 97:0.000; 79:-0.000; 45:0.000
25,1,0.6491782404484591,90:0.005; 140:-0.005; 40:-0.004; 4:0.004; 9:0.004; 64:0.003; 105:0.003; 18:0.003; 117:0.003; 84:0.003; 8:-0.003; 115:0.003; 70:-0.002; 80:0.002; 38:0.002; 79:0.002; 48:-0.002; 74:0.002; 29:-0.002; 86:0.002; 59:-0.002; 62:0.002; 104:0.002; 96:0.001; 19:0.001; 28:-0.001; 20:0.001; 10:-0.001; 97:-0.001; 82:-0.001; 13:-0.001; 50:0.001; 83:0.001; 7:0.001; 2:-0.001; 5:-0.001; 129:0.001; 127:0.001; 92:0.001; 118:-0.001; 52:0.001; 108:-0.001; 106:0.001; 85:0.001; 119:0.001; 110:0.001; 6:-0.001; 3:-0.001; 46:0.001; 69:0.001; 23:0.001; 73:0.001; 68:0.001; 136:-0.001; 78:0.001; 53:0.001; 61:0.001; 88:0.001; 43:0.001; 44:0.001; 139:0.001; 47:0.001; 75:-0.001; 130:0.001; 91:0.001; 17:0.001; 107:0.001; 56:-0.001; 41:-0.001; 1:0.001; 81:-0.000; 45:0.000; 14:-0.000; 95:-0.000; 98:0.000; 25:0.000; 39:-0.000; 137:-0.000; 116:0.000; 76:0.000; 26:-0.000; 15:-0.000; 113:-0.000; 72:0.000; 65:0.000; 31:0.000; 135:-0.000; 94:0.000; 87:0.000; 114:-0.000; 57:-0.000; 35:0.000; 32:-0.000; 102:0.000; 93:0.000; 101:-0.000; 123:-0.000; 125:0.000; 63:0.000; 24:0.000; 67:-0.000; 36:0.000; 111:-0.000; 33:-0.000; 11:-0.000; 126:-0.000; 134:0.000; 60:0.000; 99:0.000; 124:0.000; 55:-0.000; 138:0.000; 89:0.000; 122:0.000; 103:0.000; 128:0.000; 37:0.000; 42:-0.000; 133:0.000; 109:-0.000; 51:-0.000; 0:0.000; 12:-0.000; 66:0.000; 77:0.000; 22:0.000; 21:0.000; 54:0.000; 34:-0.000; 132:-0.000; 100:-0.000; 27:0.000; 30:-0.000; 71:-0.000; 49:0.000; 121:0.000; 131:-0.000; 16:-0.000; 58:0.000; 112:-0.000; 120:-0.000,90:-0.005; 140:0.005; 40:0.004; 4:-0.004; 9:-0.004; 64:-0.003; 105:-0.003; 18:-0.003; 117:-0.003; 84:-0.003; 8:0.003; 115:-0.003; 70:0.002; 80:-0.002; 38:-0.002; 79:-0.002; 48:0.002; 74:-0.002; 29:0.002; 86:-0.002; 59:0.002; 62:-0.002; 104:-0.002; 96:-0.001; 19:-0.001; 28:0.001; 20:-0.001; 10:0.001; 97:0.001; 82:0.001; 13:0.001; 50:-0.001; 83:-0.001; 7:-0.001; 2:0.001; 5:0.001; 129:-0.001; 127:-0.001; 92:-0.001; 118:0.001; 52:-0.001; 108:0.001; 106:-0.001; 85:-0.001; 119:-0.001; 110:-0.001; 6:0.001; 3:0.001; 46:-0.001; 69:-0.001; 23:-0.001; 73:-0.001; 68:-0.001; 136:0.001; 78:-0.001; 53:-0.001; 61:-0.001; 88:-0.001; 43:-0.001; 44:-0.001; 139:-0.001; 47:-0.001; 75:0.001; 130:-0.001; 91:-0.001; 17:-0.001; 107:-0.001; 56:0.001; 41:0.001; 1:-0.001; 81:0.000; 45:-0.000; 14:0.000; 95:0.000; 98:-0.000; 25:-0.000; 39:0.000; 137:0.000; 116:-0.000; 76:-0.000; 26:0.000; 15:0.000; 113:0.000; 72:-0.000; 65:-0.000; 31:-0.000; 135:0.000; 94:-0.000; 87:-0.000; 114:0.000; 57:0.000; 35:-0.000; 32:0.000; 102:-0.000; 93:-0.000; 101:0.000; 123:0.000; 125:-0.000; 63:-0.000; 24:-0.000; 67:0.000; 36:-0.000; 111:0.000; 33:0.000; 11:0.000; 126:0.000; 134:-0.000; 60:-0.000; 99:-0.000; 124:-0.000; 55:0.000; 138:-0.000; 89:-0.000; 122:-0.000; 103:-0.000; 128:-0.000; 37:-0.000; 42:0.000; 133:-0.000; 109:0.000; 51:0.000; 0:-0.000; 12:0.000; 66:-0.000; 77:-0.000; 22:-0.000; 21:-0.000; 54:-0.000; 34:0.000; 132:0.000; 100:0.000; 27:-0.000; 30:0.000; 71:0.000; 49:-0.000; 121:-0.000; 131:0.000; 16:0.000; 58:-0.000; 112:0.000; 120:0.000
26,1,0.5062347908528243,68:0.021; 69:0.019; 84:0.018; 90:0.017; 93:-0.015; 49:-0.013; 102:0.012; 61:-0.012; 63:0.012; 76:0.011; 82:-0.009; 103:-0.009; 80:-0.008; 44:0.008; 30:-0.008; 78:0.005; 40:0.005; 66:-0.005; 119:0.005; 22:-0.005; 9:0.005; 29:-0.005; 83:0.005; 58:-0.005; 94:0.004; 109:0.004; 60:-0.004; 41:-0.004; 101:0.004; 15:-0.004; 87:0.004; 95:-0.004; 17:0.004; 51:-0.004; 121:-0.004; 100:0.003; 62:-0.003; 120:-0.003; 64:-0.003; 46:-0.003; 75:-0.003; 71:0.003; 25:0.003; 91:-0.003; 77:0.003; 38:0.002; 37:0.002; 27:-0.002; 14:0.002; 21:-0.002; 114:0.002; 2:0.002; 32:-0.002; 67:0.002; 0:0.002; 57:0.002; 59:0.002; 79:0.002; 98:0.002; 70:0.002; 113:0.002; 35:0.002; 92:-0.002; 74:0.002; 7:-0.001; 105:-0.001; 88:0.001; 28:-0.001; 110:0.001; 45:0.001; 33:0.001; 54:0.001; 99:-0.001; 112:-0.001; 20:0.001; 65:0.001; 86:-0.001; 47:-0.001; 50:-0.001; 24:-0.001; 73:0.001; 8:0.001; 18:-0.001; 39:-0.001; 6:-0.001; 96:-0.001; 34:-0.001; 42:-0.001; 104:0.001; 106:-0.001; 11:0.001; 10:-0.001; 12:-0.001; 23:-0.001; 55:-0.001; 118:0.001; 81:-0.001; 13:0.001; 85:-0.001; 5:0.001; 89:0.001; 111:0.001; 19:0.001; 4:0.001; 26:-0.000; 3:0.000; 43:-0.000; 56:-0.000; 117:-0.000; 52:0.000; 108:0.000; 16:0.000; 1:0.000; 31:-0.000; 116:0.000; 115:0.000; 48:-0.000; 97:-0.000; 53:-0.000; 72:0.000; 107:-0.000; 36:0.000,68:-0.021; 69:-0.019; 84:-0.018; 90:-0.017; 93:0.015; 49:0.013; 102:-0.012; 61:0.012; 63:-0.012; 76:-0.011; 82:0.009; 103:0.009; 80:0.008; 44:-0.008; 30:0.008; 78:-0.005; 40:-0.005; 66:0.005; 119:-0.005; 22:0.005; 9:-0.005; 29:0.005; 83:-0.005; 58:0.005; 94:-0.004; 109:-0.004; 60:0.004; 41:0.004; 101:-0.004; 15:0.004; 87:-0.004; 95:0.004; 17:-0.004; 51:0.004; 121:0.004; 100:-0.003; 62:0.003; 120:0.003; 64:0.003; 46:0.003; 75:0.003; 71:-0.003; 25:-0.003; 91:0.003; 77:-0.003; 38:-0.002; 37:-0.002; 27:0.002; 14:-0.002; 21:0.002; 114:-0.002; 2:-0.002; 32:0.002; 67:-0.002; 0:-0.002; 57:-0.002; 59:-0.002; 79:-0.002; 98:-0.002; 70:-0.002; 113:-0.002; 35:-0.002; 92:0.002; 74:-0.002; 7:0.001; 105:0.001; 88:-0.001; 28:0.001; 110:-0.001; 45:-0.001; 33:-0.001; 54:-0.001; 99:0.001; 112:0.001; 20:-0.001; 65:-0.001; 86:0.001; 47:0.001; 50:0.001; 24:0.001; 73:-0.001; 8:-0.001; 18:0.001; 39:0.001; 6:0.001; 96:0.001; 34:0.001; 42:0.001; 104:-0.001; 106:0.001; 11:-0.001; 10:0.001; 12:0.001; 23:0.001; 55:0.001; 118:-0.001; 81:0.001; 13:-0.001; 85:0.001; 5:-0.001; 89:-0.001; 111:-0.001; 19:-0.001; 4:-0.001; 26:0.000; 3:-0.000; 43:0.000; 56:0.000; 117:0.000; 52:-0.000; 108:-0.000; 16:-0.000; 1:-0.000; 31:0.000; 116:-0.000; 115:-0.000; 48:0.000; 97:0.000; 53:0.000; 72:-0.000; 107:0.000; 36:-0.000
27,1,0.8741259592211253,88:0.002; 17:0.002; 69:0.002; 77:0.001; 76:0.001; 94:0.001; 90:0.001; 18:0.001; 71:0.001; 60:0.001; 93:0.001; 104:0.001; 80:0.001; 131:0.001; 4:0.001; 51:0.001; 21:0.001; 92:0.001; 78:0.001; 64:0.001; 19:0.001; 46:0.001; 5:0.001; 12:0.001; 123:0.001; 98:0.001; 114:0.001; 41:0.001; 63:0.001; 85:0.001; 54:0.001; 118:0.001; 119:0.001; 95:0.001; 109:0.001; 56:-0.001; 116:0.001; 8:0.001; 102:0.001; 20:0.001; 24:0.001; 133:0.001; 74:0.001; 53:0.001; 47:0.001; 101:0.001; 42:0.001; 1:0.001; 34:0.001; 135:0.001; 84:0.001; 79:0.001; 75:-0.001; 97:0.001; 33:0.001; 111:0.001; 22:0.001; 96:0.001; 115:0.001; 145:-0.001; 110:0.001; 139:0.001; 108:0.001; 100:0.001; 107:0.001; 147:0.001; 58:0.001; 68:0.001; 31:0.001; 44:-0.001; 16:0.001; 9:0.001; 130:0.001; 40:0.001; 29:-0.001; 132:0.001; 66:0.001; 26:0.001; 140:0.001; 126:0.001; 14:0.000; 45:0.000; 57:0.000; 25:0.000; 127:0.000; 2:-0.000; 82:0.000; 87:0.000; 27:0.000; 113:0.000; 149:0.000; 89:0.000; 61:0.000; 136:0.000; 120:0.000; 142:0.000; 105:0.000; 112:0.000; 50:0.000; 70:0.000; 0:0.000; 52:0.000; 39:0.000; 117:0.000; 143:0.000; 137:0.000; 32:0.000; 148:0.000; 128:0.000; 62:0.000; 141:0.000; 91:0.000; 86:0.000; 122:0.000; 67:0.000; 36:0.000; 72:0.000; 55:-0.000; 28:-0.000; 15:0.000; 125:0.000; 38:0.000; 106:0.000; 7:0.000; 13:0.000; 37:0.000; 10:0.000; 121:0.000; 144:0.000; 65:0.000; 49:0.000; 3:-0.000; 43:0.000; 6:-0.000; 99:0.000; 59:0.000; 30:-0.000; 124:0.000; 23:-0.000; 129:0.000; 134:0.000; 73:0.000; 103:-0.000; 83:0.000; 35:-0.000; 48:-0.000; 146:-0.000; 81:0.000; 11:0.000; 138:-0.000,88:-0.002; 17:-0.002; 69:-0.002; 77:-0.001; 76:-0.001; 94:-0.001; 90:-0.001; 18:-0.001; 71:-0.001; 60:-0.001; 93:-0.001; 104:-0.001; 80:-0.001; 131:-0.001; 4:-0.001; 51:-0.001; 21:-0.001; 92:-0.001; 78:-0.001; 64:-0.001; 19:-0.001; 46:-0.001; 5:-0.001; 12:-0.001; 123:-0.001; 98:-0.001; 114:-0.001; 41:-0.001; 63:-0.001; 85:-0.001; 54:-0.001; 118:-0.001; 119:-0.001; 95:-0.001; 109:-0.001; 56:0.001; 116:-0.001; 8:-0.001; 102:-0.001; 20:-0.001; 24:-0.001; 133:-0.001; 74:-0.001; 53:-0.001; 47:-0.001; 101:-0.001; 42:-0.001; 1:-0.001; 34:-0.001; 135:-0.001; 84:-0.001; 79:-0.001; 75:0.001; 97:-0.001; 33:-0.001; 111:-0.001; 22:-0.001; 96:-0.001; 115:-0.001; 145:0.001; 110:-0.001; 139:-0.001; 108:-0.001; 100:-0.001; 107:-0.001; 147:-0.001; 58:-0.001; 68:-0.001; 31:-0.001; 44:0.001; 16:-0.001; 9:-0.001; 130:-0.001; 40:-0.001; 29:0.001; 132:-0.001; 66:-0.001; 26:-0.001; 140:-0.001; 126:-0.001; 14:-0.000; 45:-0.000; 57:-0.000; 25:-0.000; 127:-0.000; 2:0.000; 82:-0.000; 87:-0.000; 27:-0.000; 113:-0.000; 149:-0.000; 89:-0.000; 61:-0.000; 136:-0.000; 120:-0.000; 142:-0.000; 105:-0.000; 112:-0.000; 50:-0.000; 70:-0.000; 0:-0.000; 52:-0.000; 39:-0.000; 117:-0.000; 143:-0.000; 137:-0.000; 32:-0.000; 148:-0.000; 128:-0.000; 62:-0.000; 141:-0.000; 91:-0.000; 86:-0.000; 122:-0.000; 67:-0.000; 36:-0.000; 72:-0.000; 55:0.000; 28:0.000; 15:-0.000; 125:-0.000; 38:-0.000; 106:-0.000; 7:-0.000; 13:-0.000; 37:-0.000; 10:-0.000; 121:-0.000; 144:-0.000; 65:-0.000; 49:-0.000; 3:0.000; 43:-0.000; 6:0.000; 99:-0.000; 59:-0.000; 30:0.000; 124:-0.000; 23:0.000; 129:-0.000; 134:-0.000; 73:-0.000; 103:0.000; 83:-0.000; 35:0.000; 48:0.000; 146:0.000; 81:-0.000; 11:-0.000; 138:0.000
28,1,0.6477257373114239,40:-0.002; 4:0.002; 15:0.002; 61:0.002; 73:0.002; 69:-0.002; 96:0.002; 20:0.002; 51:-0.002; 2:-0.002; 62:0.001; 10:-0.001; 12:0.001; 98:0.001; 9:0.001; 117:0.001; 84:0.001; 68:0.001; 14:0.001; 64:-0.001; 123:0.001; 46:0.001; 88:0.001; 28:-0.001; 87:0.001; 86:0.001; 55:-0.001; 18:0.001; 6:-0.001; 106:0.001; 39:-0.001; 7:-0.001; 75:0.001; 33:0.001; 60:0.001; 26:-0.001; 17:-0.001; 63:0.001; 57:-0.001; 23:-0.001; 31:0.001; 27:-0.001; 74:-0.001; 34:-0.001; 38:-0.001; 89:0.001; 58:0.001; 36:0.001; 53:0.000; 102:0.000; 131:0.000; 48:0.000; 115:0.000; 90:0.000; 1:-0.000; 118:-0.000; 112:0.000; 111:-0.000; 41:0.000; 44:0.000; 107:0.000; 50:0.000; 99:0.000; 32:-0.000; 79:-0.000; 3:-0.000; 37:0.000; 5:0.000; 133:0.000; 72:0.000; 92:0.000; 8:0.000; 83:0.000; 125:0.000; 110:0.000; 66:0.000; 30:0.000; 11:-0.000; 95:-0.000; 71:0.000; 47:0.000; 108:0.000; 49:0.000; 76:0.000; 59:0.000; 129:0.000; 65:0.000; 24:0.000; 82:0.000; 119:0.000; 94:0.000; 85:0.000; 128:0.000; 25:-0.000; 16:0.000; 105:-0.000; 81:0.000; 78:0.000; 126:-0.000; 21:0.000; 42:-0.000; 132:-0.000; 56:0.000; 29:-0.000; 121:-0.000; 67:0.000; 0:0.000; 80:-0.000; 35:-0.000; 130:-0.000; 120:-0.000; 104:0.000; 103:0.000; 93:0.000; 22:0.000; 124:-0.000; 70:0.000; 43:0.000; 91:-0.000; 97:0.000; 134:0.000; 77:-0.000; 109:0.000; 127:0.000; 52:-0.000; 54:0.000; 114:0.000; 100:-0.000; 13:-0.000; 19:0.000; 116:0.000; 113:-0.000; 101:0.000; 122:0.000; 45:-0.000,40:0.002; 4:-0.002; 15:-0.002; 61:-0.002; 73:-0.002; 69:0.002; 96:-0.002; 20:-0.002; 51:0.002; 2:0.002; 62:-0.001; 10:0.001; 12:-0.001; 98:-0.001; 9:-0.001; 117:-0.001; 84:-0.001; 68:-0.001; 14:-0.001; 64:0.001; 123:-0.001; 46:-0.001; 88:-0.001; 28:0.001; 87:-0.001; 86:-0.001; 55:0.001; 18:-0.001; 6:0.001; 106:-0.001; 39:0.001; 7:0.001; 75:-0.001; 33:-0.001; 60:-0.001; 26:0.001; 17:0.001; 63:-0.001; 57:0.001; 23:0.001; 31:-0.001; 27:0.001; 74:0.001; 34:0.001; 38:0.001; 89:-0.001; 58:-0.001; 36:-0.001; 53:-0.000; 102:-0.000; 131:-0.000; 48:-0.000; 115:-0.000; 90:-0.000; 1:0.000; 118:0.000; 112:-0.000; 111:0.000; 41:-0.000; 44:-0.000; 107:-0.000; 50:-0.000; 99:-0.000; 32:0.000; 79:0.000; 3:0.000; 37:-0.000; 5:-0.000; 133:-0.000; 72:-0.000; 92:-0.000; 8:-0.000; 83:-0.000; 125:-0.000; 110:-0.000; 66:-0.000; 30:-0.000; 11:0.000; 95:0.000; 71:-0.000; 47:-0.000; 108:-0.000; 49:-0.000; 76:-0.000; 59:-0.000; 129:-0.000; 65:-0.000; 24:-0.000; 82:-0.000; 119:-0.000; 94:-0.000; 85:-0.000; 128:-0.000; 25:0.000; 16:-0.000; 105:0.000; 81:-0.000; 78:-0.000; 126:0.000; 21:-0.000; 42:0.000; 132:0.000; 56:-0.000; 29:0.000; 121:0.000; 67:-0.000; 0:-0.000; 80:0.000; 35:0.000; 130:0.000; 120:0.000; 104:-0.000; 103:-0.000; 93:-0.000; 22:-0.000; 124:0.000; 70:-0.000; 43:-0.000; 91:0.000; 97:-0.000; 134:-0.000; 77:0.000; 109:-0.000; 127:-0.000; 52:0.000; 54:-0.000; 114:-0.000; 100:0.000; 13:0.000; 19:-0.000; 116:-0.000; 113:0.000; 101:-0.000; 122:-0.000; 45:0.000
29,1,0.8689205894335036,79:0.002; 5:0.002; 3:0.002; 20:0.002; 4:0.002; 99:0.002; 56:0.002; 131:0.002; 120:0.002; 7:0.002; 15:0.002; 86:0.002; 6:-0.002; 67:0.001; 87:0.001; 84:0.001; 111:0.001; 46:0.001; 16:0.001; 41:-0.001; 34:0.001; 2:-0.001; 71:0.001; 106:0.001; 105:0.001; 138:0.001; 21:0.001; 8:0.001; 107:0.001; 130:0.001; 83:0.001; 122:0.001; 125:0.001; 77:0.001; 29:-0.001; 23:0.001; 65:0.001; 110:0.001; 49:0.001; 129:0.001; 69:-0.001; 48:0.001; 127:0.001; 72:0.001; 100:0.001; 35:0.001; 64:0.001; 102:0.001; 92:-0.001; 70:0.001; 24:0.001; 121:0.001; 44:0.001; 142:0.001; 47:-0.001; 80:0.001; 95:0.001; 53:0.001; 32:0.001; 52:0.001; 94:0.001; 137:-0.001; 57:0.001; 45:0.001; 36:0.001; 39:0.001; 63:0.001; 133:-0.001; 135:0.001; 17:0.001; 13:0.001; 90:0.001; 119:0.001; 93:0.001; 88:0.000; 0:0.000; 62:0.000; 25:0.000; 91:0.000; 101:0.000; 112:0.000; 38:0.000; 59:0.000; 73:0.000; 89:0.000; 76:0.000; 19:0.000; 115:0.000; 81:0.000; 28:0.000; 85:0.000; 114:0.000; 139:-0.000; 136:0.000; 108:0.000; 82:0.000; 50:-0.000; 30:-0.000; 117:0.000; 66:0.000; 68:0.000; 128:0.000; 109:0.000; 33:-0.000; 123:-0.000; 140:0.000; 74:0.000; 51:0.000; 124:-0.000; 14:0.000; 96:0.000; 104:-0.000; 27:0.000; 98:-0.000; 55:-0.000; 126:0.000; 54:0.000; 103:0.000; 141:-0.000; 132:0.000; 116:-0.000; 18:0.000; 113:0.000; 31:0.000; 37:0.000; 10:-0.000; 26:0.000; 40:-0.000; 22:0.000; 97:0.000; 12:0.000; 58:0.000; 60:0.000; 42:-0.000; 118:0.000; 143:0.000; 61:0.000; 78:-0.000; 43:0.000; 1:-0.000; 9:-0.000; 75:0.000; 134:0.000; 11:0.000,79:-0.002; 5:-0.002; 3:-0.002; 20:-0.002; 4:-0.002; 99:-0.002; 56:-0.002; 131:-0.002; 120:-0.002; 7:-0.002; 15:-0.002; 86:-0.002; 6:0.002; 67:-0.001; 87:-0.001; 84:-0.001; 111:-0.001; 46:-0.001; 16:-0.001; 41:0.001; 34:-0.001; 2:0.001; 71:-0.001; 106:-0.001; 105:-0.001; 138:-0.001; 21:-0.001; 8:-0.001; 107:-0.001; 130:-0.001; 83:-0.001; 122:-0.001; 125:-0.001; 77:-0.001; 29:0.001; 23:-0.001; 65:-0.001; 110:-0.001; 49:-0.001; 129:-0.001; 69:0.001; 48:-0.001; 127:-0.001; 72:-0.001; 100:-0.001; 35:-0.001; 64:-0.001; 102:-0.001; 92:0.001; 70:-0.001; 24:-0.001; 121:-0.001; 44:-0.001; 142:-0.001; 47:0.001; 80:-0.001; 95:-0.001; 53:-0.001; 32:-0.001; 52:-0.001; 94:-0.001; 137:0.001; 57:-0.001; 45:-0.001; 36:-0.001; 39:-0.001; 63:-0.001; 133:0.001; 135:-0.001; 17:-0.001; 13:-0.001; 90:-0.001; 119:-0.001; 93:-0.001; 88:-0.000; 0:-0.000; 62:-0.000; 25:-0.000; 91:-0.000; 101:-0.000; 112:-0.000; 38:-0.000; 59:-0.000; 73:-0.000; 89:-0.000; 76:-0.000; 19:-0.000; 115:-0.000; 81:-0.000; 28:-0.000; 85:-0.000; 114:-0.000; 139:0.000; 136:-0.000; 108:-0.000; 82:-0.000; 50:0.000; 30:0.000; 117:-0.000; 66:-0.000; 68:-0.000; 128:-0.000; 109:-0.000; 33:0.000; 123:0.000; 140:-0.000; 74:-0.000; 51:-0.000; 124:0.000; 14:-0.000; 96:-0.000; 104:0.000; 27:-0.000; 98:0.000; 55:0.000; 126:-0.000; 54:-0.000; 103:-0.000; 141:0.000; 132:-0.000; 116:0.000; 18:-0.000; 113:-0.000; 31:-0.000; 37:-0.000; 10:0.000; 26:-0.000; 40:0.000; 22:-0.000; 97:-0.000; 12:-0.000; 58:-0.000; 60:-0.000; 42:0.000; 118:-0.000; 143:-0.000; 61:-0.000; 78:0.000; 43:-0.000; 1:0.000; 9:0.000; 75:-0.000; 134:-0.000; 11:-0.000
30,1,0.9143170426873471,31:-0.006; 19:0.005; 85:0.004; 3:0.004; 136:0.004; 96:0.004; 66:0.004; 7:-0.004; 14:0.004; 84:0.003; 86:0.003; 107:0.003; 77:0.002; 89:-0.002; 132:-0.002; 83:0.002; 9:0.002; 139:0.002; 48:0.002; 6:0.002; 109:0.002; 137:-0.002; 102:0.002; 51:0.002; 50:0.002; 113:0.002; 95:-0.002; 65:-0.002; 129:0.002; 98:0.002; 71:0.002; 126:-0.002; 128:0.002; 8:0.002; 91:0.002; 94:0.002; 133:0.002; 17:0.001; 122:0.001; 103:0.001; 30:0.001; 38:0.001; 2:0.001; 34:0.001; 92:0.001; 36:0.001; 117:-0.001; 69:0.001; 61:0.001; 47:0.001; 20:0.001; 56:0.001; 15:0.001; 70:0.001; 123:0.001; 75:-0.001; 62:0.001; 39:-0.001; 105:0.001; 55:0.001; 58:-0.001; 18:0.001; 80:-0.001; 99:0.001; 119:0.001; 131:0.001; 59:0.001; 114:0.001; 100:0.001; 35:0.001; 46:0.001; 44:0.001; 135:-0.001; 26:0.001; 13:0.001; 81:0.001; 72:0.001; 0:0.001; 118:0.001; 12:0.001; 21:0.001; 63:0.001; 73:0.001; 112:0.001; 97:0.001; 60:-0.001; 28:-0.001; 106:0.001; 134:0.001; 104:-0.001; 4:0.001; 41:-0.001; 78:0.000; 90:0.000; 111:-0.000; 52:0.000; 32:0.000; 5:0.000; 57:0.000; 49:0.000; 76:-0.000; 116:0.000; 11:-0.000; 40:-0.000; 43:0.000; 54:-0.000; 74:0.000; 125:-0.000; 138:0.000; 37:0.000; 121:0.000; 33:0.000; 29:0.000; 110:0.000; 82:0.000; 42:0.000; 87:-0.000; 53:-0.000; 24:0.000; 130:0.000; 22:0.000; 88:0.000; 25:-0.000; 127:-0.000; 67:0.000; 120:-0.000; 93:0.000; 16:0.000; 45:0.000; 108:0.000; 27:-0.000; 115:0.000; 23:-0.000; 10:-0.000; 79:0.000; 101:0.000; 68:-0.000; 1:-0.000; 64:0.000; 124:0.000,31:0.006; 19:-0.005; 85:-0.004; 3:-0.004; 136:-0.004; 96:-0.004; 66:-0.004; 7:0.004; 14:-0.004; 84:-0.003; 86:-0.003; 107:-0.003; 77:-0.002; 89:0.002; 132:0.002; 83:-0.002; 9:-0.002; 139:-0.002; 48:-0.002; 6:-0.002; 109:-0.002; 137:0.002; 102:-0.002; 51:-0.002; 50:-0.002; 113:-0.002; 95:0.002; 65:0.002; 129:-0.002; 98:-0.002; 71:-0.002; 126:0.002; 128:-0.002; 8:-0.002; 91:-0.002; 94:-0.002; 133:-0.002; 17:-0.001; 122:-0.001; 103:-0.001; 30:-0.001; 38:-0.001; 2:-0.001; 34:-0.001; 92:-0.001; 36:-0.001; 117:0.001; 69:-0.001; 61:-0.001; 47:-0.001; 20:-0.001; 56:-0.001; 15:-0.001; 70:-0.001; 123:-0.001; 75:0.001; 62:-0.001; 39:0.001; 105:-0.001; 55:-0.001; 58:0.001; 18:-0.001; 80:0.001; 99:-0.001; 119:-0.001; 131:-0.001; 59:-0.001; 114:-0.001; 100:-0.001; 35:-0.001; 46:-0.001; 44:-0.001; 135:0.001; 26:-0.001; 13:-0.001; 81:-0.001; 72:-0.001; 0:-0.001; 118:-0.001; 12:-0.001; 21:-0.001; 63:-0.001; 73:-0.001; 112:-0.001; 97:-0.001; 60:0.001; 28:0.001; 106:-0.001; 134:-0.001; 104:0.001; 4:-0.001; 41:0.001; 78:-0.000; 90:-0.000; 111:0.000; 52:-0.000; 32:-0.000; 5:-0.000; 57:-0.000; 49:-0.000; 76:0.000; 116:-0.000; 11:0.000; 40:0.000; 43:-0.000; 54:0.000; 74:-0.000; 125:0.000; 138:-0.000; 37:-0.000; 121:-0.000; 33:-0.000; 29:-0.000; 110:-0.000; 82:-0.000; 42:-0.000; 87:0.000; 53:0.000; 24:-0.000; 130:-0.000; 22:-0.000; 88:-0.000; 25:0.000; 127:0.000; 67:-0.000; 120:0.000; 93:-0.000; 16:-0.000; 45:-0.000; 108:-0.000; 27:0.000; 115:-0.000; 23:0.000; 10:0.000; 79:-0.000; 101:-0.000; 68:0.000; 1:0.000; 64:-0.000; 124:-0.000
31,1,0.6512041959992484,131:0.002; 92:0.002; 41:-0.002; 4:0.002; 20:0.002; 94:0.002; 16:0.002; 96:0.002; 17:0.002; 135:0.002; 91:0.002; 66:0.001; 12:0.001; 9:0.001; 19:-0.001; 78:0.001; 117:0.001; 65:0.001; 28:-0.001; 101:0.001; 111:0.001; 74:-0.001; 10:-0.001; 127:-0.001; 87:-0.001; 99:0.001; 120:0.001; 44:-0.001; 80:0.001; 62:0.001; 129:-0.001; 11:-0.001; 79:0.001; 8:-0.001; 2:-0.001; 75:0.001; 93:0.001; 68:-0.001; 6:-0.001; 15:-0.001; 42:0.001; 72:0.001; 81:0.001; 36:0.001; 88:-0.001; 110:-0.001; 32:0.001; 63:-0.001; 56:-0.001; 31:-0.001; 22:0.001; 106:0.001; 76:0.001; 38:0.001; 100:0.001; 70:0.001; 82:-0.001; 128:-0.001; 24:0.001; 89:0.001; 113:0.001; 21:0.001; 49:0.001; 90:0.001; 39:0.000; 51:0.000; 114:0.000; 134:-0.000; 55:-0.000; 138:0.000; 103:0.000; 105:0.000; 3:-0.000; 37:0.000; 30:-0.000; 58:-0.000; 112:0.000; 33:-0.000; 53:0.000; 14:0.000; 40:-0.000; 115:0.000; 52:-0.000; 46:0.000; 108:0.000; 109:0.000; 86:0.000; 95:-0.000; 43:0.000; 18:0.000; 107:0.000; 130:0.000; 26:-0.000; 59:-0.000; 50:0.000; 13:-0.000; 29:-0.000; 98:0.000; 104:0.000; 116:0.000; 73:-0.000; 54:0.000; 48:0.000; 35:-0.000; 123:0.000; 5:-0.000; 7:0.000; 97:-0.000; 60:0.000; 67:0.000; 23:-0.000; 102:0.000; 124:0.000; 122:-0.000; 77:-0.000; 71:-0.000; 27:0.000; 83:-0.000; 69:0.000; 64:-0.000; 137:-0.000; 125:0.000; 1:0.000; 133:-0.000; 119:0.000; 84:0.000; 126:-0.000; 47:0.000; 25:0.000; 61:-0.000; 136:0.000; 85:-0.000; 0:-0.000; 121:-0.000; 132:-0.000; 57:0.000; 139:-0.000; 118:-0.000; 34:0.000; 45:0.000,131:-0.002; 92:-0.002; 41:0.002; 4:-0.002; 20:-0.002; 94:-0.002; 16:-0.002; 96:-0.002; 17:-0.002; 135:-0.002; 91:-0.002; 66:-0.001; 12:-0.001; 9:-0.001; 19:0.001; 78:-0.001; 117:-0.001; 65:-0.001; 28:0.001; 101:-0.001; 111:-0.001; 74:0.001; 10:0.001; 127:0.001; 87:0.001; 99:-0.001; 120:-0.001; 44:0.001; 80:-0.001; 62:-0.001; 129:0.001; 11:0.001; 79:-0.001; 8:0.001; 2:0.001; 75:-0.001; 93:-0.001; 68:0.001; 6:0.001; 15:0.001; 42:-0.001; 72:-0.001; 81:-0.001; 36:-0.001; 88:0.001; 110:0.001; 32:-0.001; 63:0.001; 56:0.001; 31:0.001; 22:-0.001; 106:-0.001; 76:-0.001; 38:-0.001; 100:-0.001; 70:-0.001; 82:0.001; 128:0.001; 24:-0.001; 89:-0.001; 113:-0.001; 21:-0.001; 49:-0.001; 90:-0.001; 39:-0.000; 51:-0.000; 114:-0.000; 134:0.000; 55:0.000; 138:-0.000; 103:-0.000; 105:-0.000; 3:0.000; 37:-0.000; 30:0.000; 58:0.000; 112:-0.000; 33:0.000; 53:-0.000; 14:-0.000; 40:0.000; 115:-0.000; 52:0.000; 46:-0.000; 108:-0.000; 109:-0.000; 86:-0.000; 95:0.000; 43:-0.000; 18:-0.000; 107:-0.000; 130:-0.000; 26:0.000; 59:0.000; 50:-0.000; 13:0.000; 29:0.000; 98:-0.000; 104:-0.000; 116:-0.000; 73:0.000; 54:-0.000; 48:-0.000; 35:0.000; 123:-0.000; 5:0.000; 7:-0.000; 97:0.000; 60:-0.000; 67:-0.000; 23:0.000; 102:-0.000; 124:-0.000; 122:0.000; 77:0.000; 71:0.000; 27:-0.000; 83:0.000; 69:-0.000; 64:0.000; 137:0.000; 125:-0.000; 1:-0.000; 133:0.000; 119:-0.000; 84:-0.000; 126:0.000; 47:-0.000; 25:-0.000; 61:0.000; 136:-0.000; 85:0.000; 0:0.000; 121:0.000; 132:0.000; 57:-0.000; 139:0.000; 118:0.000; 34:-0.000; 45:-0.000
32,1,0.6961841047807703,93:0.001; 100:0.001; 41:-0.001; 14:0.001; 12:0.001; 77:0.001; 69:0.001; 48:0.001; 98:0.001; 88:0.001; 16:0.001; 79:0.001; 110:0.001; 111:0.001; 4:0.001; 90:0.001; 17:0.001; 120:0.001; 92:0.001; 66:0.001; 107:0.001; 28:-0.001; 78:0.001; 18:0.001; 44:-0.001; 82:0.001; 32:0.001; 96:0.001; 39:0.000; 137:0.000; 33:0.000; 50:0.000; 105:-0.000; 102:-0.000; 59:0.000; 55:-0.000; 22:0.000; 5:0.000; 8:0.000; 45:0.000; 52:0.000; 112:0.000; 126:0.000; 75:0.000; 38:0.000; 114:0.000; 87:0.000; 43:0.000; 133:0.000; 101:0.000; 83:0.000; 76:0.000; 20:0.000; 7:-0.000; 61:0.000; 15:0.000; 42:0.000; 117:0.000; 19:-0.000; 115:0.000; 132:0.000; 68:0.000; 73:-0.000; 121:0.000; 9:0.000; 64:0.000; 108:0.000; 118:-0.000; 10:-0.000; 24:0.000; 29:-0.000; 57:-0.000; 131:0.000; 99:0.000; 60:0.000; 86:-0.000; 130:0.000; 95:0.000; 125:0.000; 67:0.000; 40:-0.000; 94:0.000; 54:0.000; 46:-0.000; 124:0.000; 136:0.000; 122:0.000; 106:0.000; 134:0.000; 129:-0.000; 70:0.000; 135:0.000; 89:0.000; 1:0.000; 109:0.000; 0:0.000; 56:-0.000; 2:-0.000; 71:0.000; 72:0.000; 74:0.000; 97:0.000; 127:-0.000; 103:0.000; 11:-0.000; 26:0.000; 6:-0.000; 51:0.000; 81:-0.000; 62:0.000; 116:0.000; 128:0.000; 27:0.000; 113:0.000; 37:0.000; 21:-0.000; 139:-0.000; 85:0.000; 84:0.000; 36:-0.000; 119:0.000; 104:0.000; 13:0.000; 25:-0.000; 63:-0.000; 23:0.000; 3:-0.000; 47:0.000; 58:-0.000; 80:-0.000; 31:0.000; 35:0.000; 49:0.000; 91:-0.000; 138:0.000; 123:-0.000; 34:-0.000; 65:0.000; 53:0.000; 30:0.000,93:-0.001; 100:-0.001; 41:0.001; 14:-0.001; 12:-0.001; 77:-0.001; 69:-0.001; 48:-0.001; 98:-0.001; 88:-0.001; 16:-0.001; 79:-0.001; 110:-0.001; 111:-0.001; 4:-0.001; 90:-0.001; 17:-0.001; 120:-0.001; 92:-0.001; 66:-0.001; 107:-0.001; 28:0.001; 78:-0.001; 18:-0.001; 44:0.001; 82:-0.001; 32:-0.001; 96:-0.001; 39:-0.000; 137:-0.000; 33:-0.000; 50:-0.000; 105:0.000; 102:0.000; 59:-0.000; 55:0.000; 22:-0.000; 5:-0.000; 8:-0.000; 45:-0.000; 52:-0.000; 112:-0.000; 126:-0.000; 75:-0.000; 38:-0.000; 114:-0.000; 87:-0.000; 43:-0.000; 133:-0.000; 101:-0.000; 83:-0.000; 76:-0.000; 20:-0.000; 7:0.000; 61:-0.000; 15:-0.000; 42:-0.000; 117:-0.000; 19:0.000; 115:-0.000; 132:-0.000; 68:-0.000; 73:0.000; 121:-0.000; 9:-0.000; 64:-0.000; 108:-0.000; 118:0.000; 10:0.000; 24:-0.000; 29:0.000; 57:0.000; 131:-0.000; 99:-0.000; 60:-0.000; 86:0.000; 130:-0.000; 95:-0.000; 125:-0.000; 67:-0.000; 40:0.000; 94:-0.000; 54:-0.000; 46:0.000; 124:-0.000; 136:-0.000; 122:-0.000; 106:-0.000; 134:-0.000; 129:0.000; 70:-0.000; 135:-0.000; 89:-0.000; 1:-0.000; 109:-0.000; 0:-0.000; 56:0.000; 2:0.000; 71:-0.000; 72:-0.000; 74:-0.000; 97:-0.000; 127:0.000; 103:-0.000; 11:0.000; 26:-0.000; 6:0.000; 51:-0.000; 81:0.000; 62:-0.000; 116:-0.000; 128:-0.000; 27:-0.000; 113:-0.000; 37:-0.000; 21:0.000; 139:0.000; 85:-0.000; 84:-0.000; 36:0.000; 119:-0.000; 104:-0.000; 13:-0.000; 25:0.000; 63:0.000; 23:-0.000; 3:0.000; 47:-0.000; 58:0.000; 80:0.000; 31:-0.000; 35:-0.000; 49:-0.000; 91:0.000; 138:-0.000; 123:0.000; 34:0.000; 65:-0.000; 53:-0.000; 30:-0.000
33,1,0.6566815171363761,84:0.002; 82:0.001; 39:-0.001; 19:0.001; 4:0.001; 59:0.001; 17:-0.001; 96:0.001; 14:0.001; 114:0.001; 15:0.001; 28:-0.001; 12:0.001; 86:0.001; 76:0.001; 6:-0.001; 81:0.001; 102:0.001; 90:0.001; 58:0.001; 10:-0.001; 98:0.001; 51:0.001; 18:0.001; 49:0.001; 108:0.001; 50:-0.001; 63:0.001; 61:-0.001; 101:-0.001; 70:0.001; 45:0.001; 122:0.001; 43:0.001; 74:-0.001; 80:0.001; 9:0.001; 112:0.000; 60:0.000; 64:0.000; 135:-0.000; 7:-0.000; 40:0.000; 5:0.000; 25:0.000; 103:0.000; 65:0.000; 88:0.000; 3:-0.000; 97:0.000; 75:0.000; 77:-0.000; 85:0.000; 91:0.000; 131:0.000; 37:0.000; 21:0.000; 54:0.000; 32:0.000; 41:-0.000; 38:-0.000; 121:0.000; 66:-0.000; 36:0.000; 47:0.000; 26:0.000; 113:0.000; 22:-0.000; 35:0.000; 124:0.000; 46:0.000; 31:0.000; 133:0.000; 29:0.000; 20:0.000; 116:0.000; 99:0.000; 57:0.000; 130:0.000; 107:0.000; 11:-0.000; 68:0.000; 89:0.000; 104:0.000; 2:-0.000; 100:0.000; 69:0.000; 125:-0.000; 93:0.000; 13:-0.000; 128:0.000; 118:0.000; 0:0.000; 83:-0.000; 30:-0.000; 120:0.000; 23:0.000; 79:0.000; 94:-0.000; 67:0.000; 44:0.000; 95:-0.000; 42:-0.000; 73:-0.000; 132:-0.000; 78:0.000; 123:0.000; 129:0.000; 62:0.000; 111:0.000; 52:0.000; 72:0.000; 126:-0.000; 55:0.000; 115:0.000; 1:-0.000; 87:0.000; 53:-0.000; 34:0.000; 56:0.000; 105:0.000; 110:-0.000; 33:0.000; 92:-0.000; 117:0.000; 48:-0.000; 106:0.000; 24:0.000; 134:-0.000; 119:0.000; 8:-0.000; 109:0.000; 71:0.000; 127:0.000; 27:-0.000; 16:0.000,84:-0.002; 82:-0.001; 39:0.001; 19:-0.001; 4:-0.001; 59:-0.001; 17:0.001; 96:-0.001; 14:-0.001; 114:-0.001; 15:-0.001; 28:0.001; 12:-0.001; 86:-0.001; 76:-0.001; 6:0.001; 81:-0.001; 102:-0.001; 90:-0.001; 58:-0.001; 10:0.001; 98:-0.001; 51:-0.001; 18:-0.001; 49:-0.001; 108:-0.001; 50:0.001; 63:-0.001; 61:0.001; 101:0.001; 70:-0.001; 45:-0.001; 122:-0.001; 43:-0.001; 74:0.001; 80:-0.001; 9:-0.001; 112:-0.000; 60:-0.000; 64:-0.000; 135:0.000; 7:0.000; 40:-0.000; 5:-0.000; 25:-0.000; 103:-0.000; 65:-0.000; 88:-0.000; 3:0.000; 97:-0.000; 75:-0.000; 77:0.000; 85:-0.000; 91:-0.000; 131:-0.000; 37:-0.000; 21:-0.000; 54:-0.000; 32:-0.000; 41:0.000; 38:0.000; 121:-0.000; 66:0.000; 36:-0.000; 47:-0.000; 26:-0.000; 113:-0.000; 22:0.000; 35:-0.000; 124:-0.000; 46:-0.000; 31:-0.000; 133:-0.000; 29:-0.000; 20:-0.000; 116:-0.000; 99:-0.000; 57:-0.000; 130:-0.000; 107:-0.000; 11:0.000; 68:-0.000; 89:-0.000; 104:-0.000; 2:0.000; 100:-0.000; 69:-0.000; 125:0.000; 93:-0.000; 13:0.000; 128:-0.000; 118:-0.000; 0:-0.000; 83:0.000; 30:0.000; 120:-0.000; 23:-0.000; 79:-0.000; 94:0.000; 67:-0.000; 44:-0.000; 95:0.000; 42:0.000; 73:0.000; 132:0.000; 78:-0.000; 123:-0.000; 129:-0.000; 62:-0.000; 111:-0.000; 52:-0.000; 72:-0.000; 126:0.000; 55:-0.000; 115:-0.000; 1:0.000; 87:-0.000; 53:0.000; 34:-0.000; 56:-0.000; 105:-0.000; 110:0.000; 33:-0.000; 92:0.000; 117:-0.000; 48:0.000; 106:-0.000; 24:-0.000; 134:0.000; 119:-0.000; 8:0.000; 109:-0.000; 71:-0.000; 127:-0.000; 27:0.000; 16:-0.000
34,1,0.7680865827436071,100:0.001; 19:0.001; 91:0.001; 85:0.001; 4:0.001; 90:0.001; 66:0.001; 112:0.001; 10:0.001; 99:0.001; 79:0.001; 53:0.001; 12:0.001; 89:0.001; 21:0.001; 39:0.001; 42:0.001; 81:0.001; 44:-0.001; 114:0.001; 65:0.001; 62:0.001; 121:0.001; 75:0.001; 101:0.001; 87:0.001; 8:0.001; 67:0.001; 20:0.001; 92:0.001; 52:0.001; 107:0.001; 98:0.001; 23:0.001; 119:0.001; 125:0.001; 94:0.001; 17:0.001; 128:0.001; 22:0.001; 13:0.001; 63:0.001; 97:0.001; 84:0.001; 58:0.001; 54:0.001; 29:0.001; 16:0.001; 11:0.001; 111:0.001; 64:-0.000; 50:0.000; 28:0.000; 25:0.000; 102:0.000; 96:0.000; 74:0.000; 41:0.000; 130:0.000; 126:0.000; 88:0.000; 15:0.000; 48:0.000; 68:0.000; 109:0.000; 31:-0.000; 127:0.000; 106:0.000; 77:0.000; 38:0.000; 47:0.000; 122:-0.000; 115:0.000; 105:0.000; 51:0.000; 34:0.000; 55:-0.000; 1:0.000; 33:0.000; 95:0.000; 86:0.000; 103:0.000; 110:0.000; 108:0.000; 72:0.000; 26:-0.000; 120:0.000; 0:0.000; 37:0.000; 117:-0.000; 129:0.000; 32:0.000; 76:0.000; 61:0.000; 9:-0.000; 78:0.000; 104:-0.000; 36:-0.000; 45:0.000; 118:0.000; 24:0.000; 2:-0.000; 60:0.000; 69:0.000; 35:0.000; 83:-0.000; 57:0.000; 59:0.000; 56:-0.000; 113:0.000; 40:0.000; 3:-0.000; 6:-0.000; 27:0.000; 73:0.000; 7:0.000; 82:-0.000; 5:-0.000; 80:0.000; 71:0.000; 49:0.000; 124:0.000; 14:0.000; 70:-0.000; 46:0.000; 123:0.000; 30:0.000; 43:0.000; 116:0.000; 93:-0.000; 18:0.000,100:-0.001; 19:-0.001; 91:-0.001; 85:-0.001; 4:-0.001; 90:-0.001; 66:-0.001; 112:-0.001; 10:-0.001; 99:-0.001; 79:-0.001; 53:-0.001; 12:-0.001; 89:-0.001; 21:-0.001; 39:-0.001; 42:-0.001; 81:-0.001; 44:0.001; 114:-0.001; 65:-0.001; 62:-0.001; 121:-0.001; 75:-0.001; 101:-0.001; 87:-0.001; 8:-0.001; 67:-0.001; 20:-0.001; 92:-0.001; 52:-0.001; 107:-0.001; 98:-0.001; 23:-0.001; 119:-0.001; 125:-0.001; 94:-0.001; 17:-0.001; 128:-0.001; 22:-0.001; 13:-0.001; 63:-0.001; 97:-0.001; 84:-0.001; 58:-0.001; 54:-0.001; 29:-0.001; 16:-0.001; 11:-0.001; 111:-0.001; 64:0.000; 50:-0.000; 28:-0.000; 25:-0.000; 102:-0.000; 96:-0.000; 74:-0.000; 41:-0.000; 130:-0.000; 126:-0.000; 88:-0.000; 15:-0.000; 48:-0.000; 68:-0.000; 109:-0.000; 31:0.000; 127:-0.000; 106:-0.000; 77:-0.000; 38:-0.000; 47:-0.000; 122:0.000; 115:-0.000; 105:-0.000; 51:-0.000; 34:-0.000; 55:0.000; 1:-0.000; 33:-0.000; 95:-0.000; 86:-0.000; 103:-0.000; 110:-0.000; 108:-0.000; 72:-0.000; 26:0.000; 120:-0.000; 0:-0.000; 37:-0.000; 117:0.000; 129:-0.000; 32:-0.000; 76:-0.000; 61:-0.000; 9:0.000; 78:-0.000; 104:0.000; 36:0.000; 45:-0.000; 118:-0.000; 24:-0.000; 2:0.000; 60:-0.000; 69:-0.000; 35:-0.000; 83:0.000; 57:-0.000; 59:-0.000; 56:0.000; 113:-0.000; 40:-0.000; 3:0.000; 6:0.000; 27:-0.000; 73:-0.000; 7:-0.000; 82:0.000; 5:0.000; 80:-0.000; 71:-0.000; 49:-0.000; 124:-0.000; 14:-0.000; 70:0.000; 46:-0.000; 123:-0.000; 30:-0.000; 43:-0.000; 116:-0.000; 93:0.000; 18:-0.000
35,1,0.7012050886319814,15:0.001; 66:0.001; 88:0.001; 14:0.001; 85:0.001; 40:-0.001; 106:0.001; 64:0.001; 102:0.001; 12:0.001; 87:0.001; 42:0.001; 120:0.001; 49:0.001; 39:0.001; 89:0.001; 86:0.001; 72:0.001; 112:0.001; 30:0.001; 77:0.001; 105:0.001; 7:0.001; 139:0.001; 62:0.001; 20:0.000; 9:0.000; 116:0.000; 119:0.000; 18:0.000; 60:0.000; 141:0.000; 133:0.000; 118:0.000; 50:0.000; 94:0.000; 52:-0.000; 73:0.000; 25:0.000; 97:0.000; 108:0.000; 6:-0.000; 75:0.000; 48:0.000; 103:0.000; 113:0.000; 130:0.000; 140:-0.000; 138:0.000; 21:-0.000; 134:0.000; 70:0.000; 135:0.000; 16:0.000; 82:0.000; 128:0.000; 84:0.000; 83:0.000; 32:0.000; 93:0.000; 125:0.000; 33:0.000; 26:0.000; 2:-0.000; 131:0.000; 90:0.000; 121:0.000; 79:0.000; 122:0.000; 61:0.000; 19:0.000; 56:0.000; 100:0.000; 96:0.000; 69:0.000; 124:0.000; 1:0.000; 8:0.000; 126:0.000; 67:0.000; 80:0.000; 0:0.000; 76:0.000; 107:0.000; 43:-0.000; 142:-0.000; 98:0.000; 91:0.000; 55:0.000; 92:0.000; 24:0.000; 5:0.000; 123:0.000; 104:0.000; 115:0.000; 99:0.000; 117:0.000; 10:0.000; 58:0.000; 114:-0.000; 22:0.000; 74:0.000; 129:0.000; 81:-0.000; 11:0.000; 36:0.000; 53:0.000; 44:0.000; 34:-0.000; 28:-0.000; 13:0.000; 23:0.000; 110:0.000; 136:0.000; 63:-0.000; 68:0.000; 46:0.000; 4:0.000; 78:0.000; 95:0.000; 29:0.000; 45:0.000; 57:-0.000; 111:0.000; 132:-0.000; 27:-0.000; 59:0.000; 101:-0.000; 51:0.000; 38:0.000; 41:0.000; 65:0.000; 17:0.000; 47:0.000; 109:-0.000; 137:0.000; 127:0.000; 37:0.000; 35:0.000; 31:-0.000; 71:0.000; 54:0.000; 3:-0.000,15:-0.001; 66:-0.001; 88:-0.001; 14:-0.001; 85:-0.001; 40:0.001; 106:-0.001; 64:-0.001; 102:-0.001; 12:-0.001; 87:-0.001; 42:-0.001; 120:-0.001; 49:-0.001; 39:-0.001; 89:-0.001; 86:-0.001; 72:-0.001; 112:-0.001; 30:-0.001; 77:-0.001; 105:-0.001; 7:-0.001; 139:-0.001; 62:-0.001; 20:-0.000; 9:-0.000; 116:-0.000; 119:-0.000; 18:-0.000; 60:-0.000; 141:-0.000; 133:-0.000; 118:-0.000; 50:-0.000; 94:-0.000; 52:0.000; 73:-0.000; 25:-0.000; 97:-0.000; 108:-0.000; 6:0.000; 75:-0.000; 48:-0.000; 103:-0.000; 113:-0.000; 130:-0.000; 140:0.000; 138:-0.000; 21:0.000; 134:-0.000; 70:-0.000; 135:-0.000; 16:-0.000; 82:-0.000; 128:-0.000; 84:-0.000; 83:-0.000; 32:-0.000; 93:-0.000; 125:-0.000; 33:-0.000; 26:-0.000; 2:0.000; 131:-0.000; 90:-0.000; 121:-0.000; 79:-0.000; 122:-0.000; 61:-0.000; 19:-0.000; 56:-0.000; 100:-0.000; 96:-0.000; 69:-0.000; 124:-0.000; 1:-0.000; 8:-0.000; 126:-0.000; 67:-0.000; 80:-0.000; 0:-0.000; 76:-0.000; 107:-0.000; 43:0.000; 142:0.000; 98:-0.000; 91:-0.000; 55:-0.000; 92:-0.000; 24:-0.000; 5:-0.000; 123:-0.000; 104:-0.000; 115:-0.000; 99:-0.000; 117:-0.000; 10:-0.000; 58:-0.000; 114:0.000; 22:-0.000; 74:-0.000; 129:-0.000; 81:0.000; 11:-0.000; 36:-0.000; 53:-0.000; 44:-0.000; 34:0.000; 28:0.000; 13:-0.000; 23:-0.000; 110:-0.000; 136:-0.000; 63:0.000; 68:-0.000; 46:-0.000; 4:-0.000; 78:-0.000; 95:-0.000; 29:-0.000; 45:-0.000; 57:0.000; 111:-0.000; 132:0.000; 27:0.000; 59:-0.000; 101:0.000; 51:-0.000; 38:-0.000; 41:-0.000; 65:-0.000; 17:-0.000; 47:-0.000; 109:0.000; 137:-0.000; 127:-0.000; 37:-0.000; 35:-0.000; 31:0.000; 71:-0.000; 54:-0.000; 3:0.000
36,1,0.5561373076924886,39:-0.002; 52:-0.002; 85:0.002; 17:0.002; 88:0.002; 110:0.002; 63:0.002; 111:0.002; 83:0.002; 12:0.002; 11:-0.001; 4:0.001; 101:0.001; 18:0.001; 28:-0.001; 75:0.001; 20:-0.001; 2:-0.001; 67:0.001; 78:-0.001; 96:0.001; 89:-0.001; 10:0.001; 80:-0.001; 95:0.001; 103:0.001; 120:0.001; 64:0.001; 15:0.001; 77:-0.001; 7:-0.001; 34:-0.001; 62:-0.001; 33:0.001; 6:-0.001; 90:0.001; 98:0.001; 113:-0.001; 49:0.001; 91:0.001; 136:0.001; 8:-0.001; 99:0.001; 74:0.001; 66:0.001; 121:0.001; 1:-0.001; 112:-0.001; 3:-0.000; 126:-0.000; 48:0.000; 124:0.000; 100:0.000; 23:0.000; 127:0.000; 40:0.000; 84:-0.000; 58:-0.000; 46:0.000; 61:0.000; 87:0.000; 70:0.000; 106:-0.000; 55:-0.000; 97:-0.000; 134:0.000; 41:-0.000; 86:0.000; 54:-0.000; 30:-0.000; 69:0.000; 109:0.000; 24:-0.000; 76:-0.000; 114:0.000; 132:-0.000; 32:-0.000; 56:-0.000; 14:-0.000; 116:0.000; 135:0.000; 128:-0.000; 21:-0.000; 122:-0.000; 0:-0.000; 36:-0.000; 16:-0.000; 123:-0.000; 65:0.000; 5:0.000; 102:0.000; 31:-0.000; 53:0.000; 44:-0.000; 60:0.000; 130:0.000; 108:-0.000; 107:0.000; 22:0.000; 93:-0.000; 9:0.000; 47:-0.000; 82:0.000; 45:0.000; 129:0.000; 68:0.000; 125:-0.000; 50:0.000; 25:-0.000; 42:-0.000; 57:0.000; 133:-0.000; 26:0.000; 92:-0.000; 94:0.000; 115:0.000; 35:0.000; 29:-0.000; 105:-0.000; 13:-0.000; 131:-0.000; 59:-0.000; 73:0.000; 37:0.000; 19:0.000; 38:0.000; 104:0.000; 119:0.000; 51:0.000; 79:0.000; 43:0.000; 72:0.000; 71:0.000; 81:-0.000; 118:-0.000; 27:0.000; 117:-0.000,39:0.002; 52:0.002; 85:-0.002; 17:-0.002; 88:-0.002; 110:-0.002; 63:-0.002; 111:-0.002; 83:-0.002; 12:-0.002; 11:0.001; 4:-0.001; 101:-0.001; 18:-0.001; 28:0.001; 75:-0.001; 20:0.001; 2:0.001; 67:-0.001; 78:0.001; 96:-0.001; 89:0.001; 10:-0.001; 80:0.001; 95:-0.001; 103:-0.001; 120:-0.001; 64:-0.001; 15:-0.001; 77:0.001; 7:0.001; 34:0.001; 62:0.001; 33:-0.001; 6:0.001; 90:-0.001; 98:-0.001; 113:0.001; 49:-0.001; 91:-0.001; 136:-0.001; 8:0.001; 99:-0.001; 74:-0.001; 66:-0.001; 121:-0.001; 1:0.001; 112:0.001; 3:0.000; 126:0.000; 48:-0.000; 124:-0.000; 100:-0.000; 23:-0.000; 127:-0.000; 40:-0.000; 84:0.000; 58:0.000; 46:-0.000; 61:-0.000; 87:-0.000; 70:-0.000; 106:0.000; 55:0.000; 97:0.000; 134:-0.000; 41:0.000; 86:-0.000; 54:0.000; 30:0.000; 69:-0.000; 109:-0.000; 24:0.000; 76:0.000; 114:-0.000; 132:0.000; 32:0.000; 56:0.000; 14:0.000; 116:-0.000; 135:-0.000; 128:0.000; 21:0.000; 122:0.000; 0:0.000; 36:0.000; 16:0.000; 123:0.000; 65:-0.000; 5:-0.000; 102:-0.000; 31:0.000; 53:-0.000; 44:0.000; 60:-0.000; 130:-0.000; 108:0.000; 107:-0.000; 22:-0.000; 93:0.000; 9:-0.000; 47:0.000; 82:-0.000; 45:-0.000; 129:-0.000; 68:-0.000; 125:0.000; 50:-0.000; 25:0.000; 42:0.000; 57:-0.000; 133:0.000; 26:-0.000; 92:0.000; 94:-0.000; 115:-0.000; 35:-0.000; 29:0.000; 105:0.000; 13:0.000; 131:0.000; 59:0.000; 73:-0.000; 37:-0.000; 19:-0.000; 38:-0.000; 104:-0.000; 119:-0.000; 51:-0.000; 79:-0.000; 43:-0.000; 72:-0.000; 71:-0.000; 81:0.000; 118:0.000; 27:-0.000; 117:0.000
37,1,0.6132904643462727,41:-0.007; 65:0.007; 4:0.006; 63:-0.005; 20:0.005; 29:-0.005; 114:0.004; 2:-0.004; 127:0.004; 17:-0.004; 92:0.004; 56:0.004; 21:0.004; 113:0.004; 89:0.004; 98:-0.004; 55:-0.004; 5:-0.003; 31:-0.003; 106:0.003; 83:0.003; 82:0.003; 139:-0.003; 45:-0.003; 137:0.003; 74:-0.003; 126:-0.003; 43:-0.003; 134:0.003; 13:0.003; 97:0.003; 78:0.003; 80:0.002; 58:0.002; 85:-0.002; 52:0.002; 104:0.002; 66:0.002; 84:0.002; 42:0.002; 91:-0.002; 10:-0.002; 38:0.002; 26:-0.002; 22:0.002; 40:-0.002; 81:0.002; 62:0.002; 27:0.002; 47:0.001; 148:0.001; 110:0.001; 53:-0.001; 93:0.001; 76:-0.001; 28:0.001; 67:0.001; 46:-0.001; 88:0.001; 86:-0.001; 115:-0.001; 32:-0.001; 69:-0.001; 54:-0.001; 14:0.001; 136:0.001; 59:-0.001; 1:-0.001; 103:-0.001; 19:-0.001; 6:0.001; 79:-0.001; 60:0.001; 143:-0.001; 100:0.001; 123:0.001; 121:0.001; 36:0.001; 116:0.001; 51:0.001; 109:0.001; 135:0.001; 95:-0.001; 24:0.001; 120:0.001; 111:-0.001; 145:-0.001; 125:0.001; 138:-0.001; 72:0.001; 25:-0.001; 117:0.001; 140:0.001; 49:-0.001; 73:-0.001; 144:0.000; 102:0.000; 96:0.000; 35:0.000; 87:0.000; 61:0.000; 57:0.000; 107:0.000; 48:-0.000; 147:0.000; 3:-0.000; 108:0.000; 8:0.000; 68:0.000; 90:0.000; 12:0.000; 23:0.000; 33:-0.000; 124:0.000; 77:0.000; 9:-0.000; 99:-0.000; 130:-0.000; 7:0.000; 122:-0.000; 118:-0.000; 132:0.000; 50:-0.000; 16:0.000; 44:0.000; 39:0.000; 11:-0.000; 146:-0.000; 18:0.000; 131:0.000; 75:0.000; 141:0.000; 128:-0.000; 101:-0.000; 0:0.000; 129:-0.000; 94:-0.000; 34:-0.000; 112:-0.000; 37:-0.000; 71:-0.000; 119:-0.000; 30:0.000; 70:-0.000; 64:-0.000; 142:0.000; 133:-0.000; 15:0.000; 105:0.000,41:0.007; 65:-0.007; 4:-0.006; 63:0.005; 20:-0.005; 29:0.005; 114:-0.004; 2:0.004; 127:-0.004; 17:0.004; 92:-0.004; 56:-0.004; 21:-0.004; 113:-0.004; 89:-0.004; 98:0.004; 55:0.004; 5:0.003; 31:0.003; 106:-0.003; 83:-0.003; 82:-0.003; 139:0.003; 45:0.003; 137:-0.003; 74:0.003; 126:0.003; 43:0.003; 134:-0.003; 13:-0.003; 97:-0.003; 78:-0.003; 80:-0.002; 58:-0.002; 85:0.002; 52:-0.002; 104:-0.002; 66:-0.002; 84:-0.002; 42:-0.002; 91:0.002; 10:0.002; 38:-0.002; 26:0.002; 22:-0.002; 40:0.002; 81:-0.002; 62:-0.002; 27:-0.002; 47:-0.001; 148:-0.001; 110:-0.001; 53:0.001; 93:-0.001; 76:0.001; 28:-0.001; 67:-0.001; 46:0.001; 88:-0.001; 86:0.001; 115:0.001; 32:0.001; 69:0.001; 54:0.001; 14:-0.001; 136:-0.001; 59:0.001; 1:0.001; 103:0.001; 19:0.001; 6:-0.001; 79:0.001; 60:-0.001; 143:0.001; 100:-0.001; 123:-0.001; 121:-0.001; 36:-0.001; 116:-0.001; 51:-0.001; 109:-0.001; 135:-0.001; 95:0.001; 24:-0.001; 120:-0.001; 111:0.001; 145:0.001; 125:-0.001; 138:0.001; 72:-0.001; 25:0.001; 117:-0.001; 140:-0.001; 49:0.001; 73:0.001; 144:-0.000; 102:-0.000; 96:-0.000; 35:-0.000; 87:-0.000; 61:-0.000; 57:-0.000; 107:-0.000; 48:0.000; 147:-0.000; 3:0.000; 108:-0.000; 8:-0.000; 68:-0.000; 90:-0.000; 12:-0.000; 23:-0.000; 33:0.000; 124:-0.000; 77:-0.000; 9:0.000; 99:0.000; 130:0.000; 7:-0.000; 122:0.000; 118:0.000; 132:-0.000; 50:0.000; 16:-0.000; 44:-0.000; 39:-0.000; 11:0.000; 146:0.000; 18:-0.000; 131:-0.000; 75:-0.000; 141:-0.000; 128:0.000; 101:0.000; 0:-0.000; 129:0.000; 94:0.000; 34:0.000; 112:0.000; 37:0.000; 71:0.000; 119:0.000; 30:-0.000; 70:0.000; 64:0.000; 142:-0.000; 133:0.000; 15:-0.000; 105:-0.000
38,1,0.5694249546087566,71:0.005; 19:0.005; 47:-0.005; 2:-0.005; 9:-0.004; 97:0.004; 110:0.004; 98:0.004; 42:0.004; 85:-0.004; 22:0.004; 109:-0.003; 10:0.003; 132:0.003; 82:0.003; 32:-0.003; 59:-0.003; 3:0.003; 149:-0.003; 74:-0.003; 21:-0.003; 67:0.003; 79:0.003; 60:-0.003; 115:0.002; 1:-0.002; 89:0.002; 31:-0.002; 146:-0.002; 63:0.002; 103:0.002; 34:-0.002; 44:-0.002; 18:0.002; 80:0.002; 6:-0.002; 135:0.002; 29:0.002; 68:0.002; 77:-0.002; 137:-0.002; 76:-0.002; 86:-0.002; 104:-0.002; 118:0.001; 20:0.001; 58:-0.001; 36:0.001; 121:0.001; 150:0.001; 84:-0.001; 127:0.001; 27:0.001; 23:-0.001; 126:-0.001; 35:0.001; 50:-0.001; 148:0.001; 94:-0.001; 15:0.001; 87:0.001; 72:0.001; 33:-0.001; 131:-0.001; 96:-0.001; 139:0.001; 61:-0.001; 143:-0.001; 140:-0.001; 113:0.001; 43:0.001; 120:0.001; 8:0.001; 111:0.001; 107:-0.001; 52:0.001; 88:0.001; 40:0.001; 101:0.001; 51:0.001; 37:0.001; 95:-0.001; 5:0.001; 151:-0.001; 39:0.001; 105:0.001; 78:-0.001; 11:0.001; 24:0.001; 57:-0.001; 66:0.001; 65:-0.001; 83:0.001; 25:-0.001; 91:0.001; 54:-0.001; 153:-0.001; 99:0.001; 125:-0.001; 7:-0.001; 49:-0.001; 14:-0.001; 102:-0.001; 122:0.001; 81:0.001; 28:0.001; 117:-0.001; 69:-0.001; 30:-0.001; 17:-0.001; 70:0.000; 46:-0.000; 90:-0.000; 145:-0.000; 129:0.000; 45:-0.000; 128:-0.000; 53:-0.000; 0:0.000; 55:-0.000; 119:0.000; 112:-0.000; 73:-0.000; 124:-0.000; 114:0.000; 62:0.000; 93:0.000; 138:0.000; 41:-0.000; 134:0.000; 4:-0.000; 142:-0.000; 144:0.000; 108:-0.000; 152:0.000; 75:-0.000; 141:-0.000; 26:-0.000; 123:0.000; 147:0.000; 92:0.000; 100:-0.000; 64:-0.000; 116:-0.000; 13:-0.000; 130:-0.000; 12:0.000; 136:0.000; 38:0.000; 48:-0.000; 133:-0.000; 16:-0.000; 106:0.000; 56:0.000,71:-0.005; 19:-0.005; 47:0.005; 2:0.005; 9:0.004; 97:-0.004; 110:-0.004; 98:-0.004; 42:-0.004; 85:0.004; 22:-0.004; 109:0.003; 10:-0.003; 132:-0.003; 82:-0.003; 32:0.003; 59:0.003; 3:-0.003; 149:0.003; 74:0.003; 21:0.003; 67:-0.003; 79:-0.003; 60:0.003; 115:-0.002; 1:0.002; 89:-0.002; 31:0.002; 146:0.002; 63:-0.002; 103:-0.002; 34:0.002; 44:0.002; 18:-0.002; 80:-0.002; 6:0.002; 135:-0.002; 29:-0.002; 68:-0.002; 77:0.002; 137:0.002; 76:0.002; 86:0.002; 104:0.002; 118:-0.001; 20:-0.001; 58:0.001; 36:-0.001; 121:-0.001; 150:-0.001; 84:0.001; 127:-0.001; 27:-0.001; 23:0.001; 126:0.001; 35:-0.001; 50:0.001; 148:-0.001; 94:0.001; 15:-0.001; 87:-0.001; 72:-0.001; 33:0.001; 131:0.001; 96:0.001; 139:-0.001; 61:0.001; 143:0.001; 140:0.001; 113:-0.001; 43:-0.001; 120:-0.001; 8:-0.001; 111:-0.001; 107:0.001; 52:-0.001; 88:-0.001; 40:-0.001; 101:-0.001; 51:-0.001; 37:-0.001; 95:0.001; 5:-0.001; 151:0.001; 39:-0.001; 105:-0.001; 78:0.001; 11:-0.001; 24:-0.001; 57:0.001; 66:-0.001; 65:0.001; 83:-0.001; 25:0.001; 91:-0.001; 54:0.001; 153:0.001; 99:-0.001; 125:0.001; 7:0.001; 49:0.001; 14:0.001; 102:0.001; 122:-0.001; 81:-0.001; 28:-0.001; 117:0.001; 69:0.001; 30:0.001; 17:0.001; 70:-0.000; 46:0.000; 90:0.000; 145:0.000; 129:-0.000; 45:0.000; 128:0.000; 53:0.000; 0:-0.000; 55:0.000; 119:-0.000; 112:0.000; 73:0.000; 124:0.000; 114:-0.000; 62:-0.000; 93:-0.000; 138:-0.000; 41:0.000; 134:-0.000; 4:0.000; 142:0.000; 144:-0.000; 108:0.000; 152:-0.000; 75:0.000; 141:0.000; 26:0.000; 123:-0.000; 147:-0.000; 92:-0.000; 100:0.000; 64:0.000; 116:0.000; 13:0.000; 130:0.000; 12:-0.000; 136:-0.000; 38:-0.000; 48:0.000; 133:0.000; 16:0.000; 106:-0.000; 56:-0.000
39,0,0.6862543735343053,153:-0.010; 47:-0.008; 69:-0.008; 97:0.007; 18:-0.006; 20:0.006; 2:-0.006; 4:0.006; 71:0.006; 61:-0.005; 111:0.005; 11:-0.005; 10:0.004; 33:-0.004; 21:0.004; 143:0.004; 150:-0.004; 84:0.004; 57:0.004; 117:-0.003; 24:0.003; 40:-0.003; 64:0.003; 8:-0.003; 6:-0.003; 76:-0.003; 83:0.003; 105:-0.003; 87:0.003; 7:0.003; 27:0.003; 41:0.002; 98:-0.002; 66:-0.002; 28:-0.002; 16:-0.002; 96:-0.002; 127:0.002; 109:0.002; 138:-0.002; 19:-0.002; 75:0.002; 151:-0.002; 9:0.002; 42:-0.002; 5:-0.002; 54:0.002; 60:-0.002; 39:-0.002; 79:-0.002; 140:0.002; 53:0.002; 121:0.002; 51:-0.002; 68:-0.002; 88:-0.002; 23:0.001; 25:-0.001; 58:0.001; 1:-0.001; 85:-0.001; 34:-0.001; 48:0.001; 17:-0.001; 78:-0.001; 112:0.001; 50:0.001; 82:-0.001; 49:-0.001; 3:-0.001; 63:-0.001; 113:-0.001; 146:-0.001; 130:0.001; 52:0.001; 80:0.001; 108:-0.001; 131:-0.001; 93:-0.001; 30:-0.001; 122:0.001; 137:-0.001; 72:0.001; 148:-0.001; 31:0.001; 135:0.001; 37:-0.001; 12:0.001; 38:0.001; 14:-0.001; 62:0.001; 94:-0.001; 114:-0.001; 59:0.001; 124:-0.001; 145:-0.001; 149:-0.001; 77:0.001; 70:0.001; 104:-0.001; 120:0.001; 56:-0.001; 92:-0.001; 129:-0.001; 65:-0.001; 136:-0.001; 95:0.001; 43:0.001; 141:-0.001; 74:-0.001; 147:-0.000; 110:-0.000; 36:-0.000; 116:-0.000; 89:0.000; 152:0.000; 45:-0.000; 81:-0.000; 46:0.000; 132:-0.000; 103:0.000; 35:0.000; 115:-0.000; 118:-0.000; 123:-0.000; 144:0.000; 133:0.000; 13:0.000; 101:-0.000; 67:-0.000; 99:-0.000; 125:0.000; 106:0.000; 90:0.000; 128:-0.000; 107:0.000; 73:0.000; 119:-0.000; 0:-0.000; 91:0.000; 126:-0.000; 86:-0.000; 134:-0.000; 44:0.000; 55:-0.000; 102:0.000; 100:-0.000; 15:0.000; 139:0.000; 142:0.000; 26:0.000; 22:0.000; 32:-0.000; 29:-0.000,153:0.010; 47:0.008; 69:0.008; 97:-0.007; 18:0.006; 20:-0.006; 2:0.006; 4:-0.006; 71:-0.006; 61:0.005; 111:-0.005; 11:0.005; 10:-0.004; 33:0.004; 21:-0.004; 143:-0.004; 150:0.004; 84:-0.004; 57:-0.004; 117:0.003; 24:-0.003; 40:0.003; 64:-0.003; 8:0.003; 6:0.003; 76:0.003; 83:-0.003; 105:0.003; 87:-0.003; 7:-0.003; 27:-0.003; 41:-0.002; 98:0.002; 66:0.002; 28:0.002; 16:0.002; 96:0.002; 127:-0.002; 109:-0.002; 138:0.002; 19:0.002; 75:-0.002; 151:0.002; 9:-0.002; 42:0.002; 5:0.002; 54:-0.002; 60:0.002; 39:0.002; 79:0.002; 140:-0.002; 53:-0.002; 121:-0.002; 51:0.002; 68:0.002; 88:0.002; 23:-0.001; 25:0.001; 58:-0.001; 1:0.001; 85:0.001; 34:0.001; 48:-0.001; 17:0.001; 78:0.001; 112:-0.001; 50:-0.001; 82:0.001; 49:0.001; 3:0.001; 63:0.001; 113:0.001; 146:0.001; 130:-0.001; 52:-0.001; 80:-0.001; 108:0.001; 131:0.001; 93:0.001; 30:0.001; 122:-0.001; 137:0.001; 72:-0.001; 148:0.001; 31:-0.001; 135:-0.001; 37:0.001; 12:-0.001; 38:-0.001; 14:0.001; 62:-0.001; 94:0.001; 114:0.001; 59:-0.001; 124:0.001; 145:0.001; 149:0.001; 77:-0.001; 70:-0.001; 104:0.001; 120:-0.001; 56:0.001; 92:0.001; 129:0.001; 65:0.001; 136:0.001; 95:-0.001; 43:-0.001; 141:0.001; 74:0.001; 147:0.000; 110:0.000; 36:0.000; 116:0.000; 89:-0.000; 152:-0.000; 45:0.000; 81:0.000; 46:-0.000; 132:0.000; 103:-0.000; 35:-0.000; 115:0.000; 118:0.000; 123:0.000; 144:-0.000; 133:-0.000; 13:-0.000; 101:0.000; 67:0.000; 99:0.000; 125:-0.000; 106:-0.000; 90:-0.000; 128:0.000; 107:-0.000; 73:-0.000; 119:0.000; 0:0.000; 91:-0.000; 126:0.000; 86:0.000; 134:0.000; 44:-0.000; 55:0.000; 102:-0.000; 100:0.000; 15:-0.000; 139:-0.000; 142:-0.000; 26:-0.000; 22:-0.000; 32:0.000; 29:0.000
40,1,0.6385232615065592,100:0.001; 93:0.001; 92:0.001; 135:0.000; 65:0.000; 70:0.000; 119:0.000; 89:0.000; 15:0.000; 14:0.000; 76:0.000; 105:0.000; 78:0.000; 12:0.000; 87:0.000; 80:0.000; 31:0.000; 4:0.000; 124:0.000; 20:0.000; 122:0.000; 91:0.000; 38:0.000; 104:0.000; 82:0.000; 144:0.000; 120:0.000; 42:0.000; 116:0.000; 43:-0.000; 6:-0.000; 56:0.000; 9:0.000; 110:0.000; 61:0.000; 102:0.000; 45:0.000; 5:0.000; 19:0.000; 96:0.000; 131:0.000; 62:0.000; 52:0.000; 68:0.000; 141:0.000; 25:0.000; 106:0.000; 53:0.000; 142:0.000; 136:0.000; 111:0.000; 50:0.000; 98:0.000; 46:0.000; 71:0.000; 85:0.000; 86:0.000; 0:0.000; 44:0.000; 114:0.000; 126:0.000; 147:-0.000; 22:0.000; 103:0.000; 55:-0.000; 33:0.000; 118:0.000; 81:0.000; 21:0.000; 140:0.000; 48:0.000; 125:0.000; 66:0.000; 132:0.000; 54:0.000; 39:0.000; 101:0.000; 69:-0.000; 11:0.000; 26:0.000; 75:0.000; 72:0.000; 94:0.000; 58:0.000; 35:0.000; 64:0.000; 129:0.000; 37:0.000; 95:0.000; 24:0.000; 79:0.000; 16:0.000; 97:0.000; 17:-0.000; 146:0.000; 51:0.000; 112:0.000; 121:0.000; 128:-0.000; 138:0.000; 77:0.000; 59:0.000; 117:0.000; 115:0.000; 90:0.000; 139:0.000; 10:-0.000; 63:-0.000; 1:0.000; 113:0.000; 41:0.000; 133:0.000; 123:0.000; 3:-0.000; 67:0.000; 18:0.000; 137:0.000; 32:-0.000; 40:0.000; 88:0.000; 108:-0.000; 28:-0.000; 83:-0.000; 27:0.000; 47:-0.000; 109:0.000; 23:-0.000; 8:0.000; 107:-0.000; 143:0.000; 145:-0.000; 99:0.000; 74:-0.000; 127:0.000; 130:-0.000; 7:0.000; 57:-0.000; 84:-0.000; 60:-0.000; 34:0.000; 36:0.000; 49:0.000; 134:0.000; 30:-0.000; 73:-0.000; 2:0.000; 13:0.000; 29:0.000; 148:-0.000,100:-0.001; 93:-0.001; 92:-0.001; 135:-0.000; 65:-0.000; 70:-0.000; 119:-0.000; 89:-0.000; 15:-0.000; 14:-0.000; 76:-0.000; 105:-0.000; 78:-0.000; 12:-0.000; 87:-0.000; 80:-0.000; 31:-0.000; 4:-0.000; 124:-0.000; 20:-0.000; 122:-0.000; 91:-0.000; 38:-0.000; 104:-0.000; 82:-0.000; 144:-0.000; 120:-0.000; 42:-0.000; 116:-0.000; 43:0.000; 6:0.000; 56:-0.000; 9:-0.000; 110:-0.000; 61:-0.000; 102:-0.000; 45:-0.000; 5:-0.000; 19:-0.000; 96:-0.000; 131:-0.000; 62:-0.000; 52:-0.000; 68:-0.000; 141:-0.000; 25:-0.000; 106:-0.000; 53:-0.000; 142:-0.000; 136:-0.000; 111:-0.000; 50:-0.000; 98:-0.000; 46:-0.000; 71:-0.000; 85:-0.000; 86:-0.000; 0:-0.000; 44:-0.000; 114:-0.000; 126:-0.000; 147:0.000; 22:-0.000; 103:-0.000; 55:0.000; 33:-0.000; 118:-0.000; 81:-0.000; 21:-0.000; 140:-0.000; 48:-0.000; 125:-0.000; 66:-0.000; 132:-0.000; 54:-0.000; 39:-0.000; 101:-0.000; 69:0.000; 11:-0.000; 26:-0.000; 75:-0.000; 72:-0.000; 94:-0.000; 58:-0.000; 35:-0.000; 64:-0.000; 129:-0.000; 37:-0.000; 95:-0.000; 24:-0.000; 79:-0.000; 16:-0.000; 97:-0.000; 17:0.000; 146:-0.000; 51:-0.000; 112:-0.000; 121:-0.000; 128:0.000; 138:-0.000; 77:-0.000; 59:-0.000; 117:-0.000; 115:-0.000; 90:-0.000; 139:-0.000; 10:0.000; 63:0.000; 1:-0.000; 113:-0.000; 41:-0.000; 133:-0.000; 123:-0.000; 3:0.000; 67:-0.000; 18:-0.000; 137:-0.000; 32:0.000; 40:-0.000; 88:-0.000; 108:0.000; 28:0.000; 83:0.000; 27:-0.000; 47:0.000; 109:-0.000; 23:0.000; 8:-0.000; 107:0.000; 143:-0.000; 145:0.000; 99:-0.000; 74:0.000; 127:-0.000; 130:0.000; 7:-0.000; 57:0.000; 84:0.000; 60:0.000; 34:-0.000; 36:-0.000; 49:-0.000; 134:-0.000; 30:0.000; 73:0.000; 2:-0.000; 13:-0.000; 29:-0.000; 148:0.000
41,0,0.8265977962880825,56:0.018; 12:0.018; 39:-0.015; 17:0.015; 97:0.013; 4:0.013; 6:-0.013; 1:-0.013; 11:-0.011; 27:-0.010; 2:-0.010; 16:0.009; 67:-0.009; 106:0.009; 3:-0.009; 41:-0.009; 19:0.008; 9:0.007; 31:0.007; 63:0.007; 123:-0.006; 80:-0.006; 96:0.006; 23:-0.006; 45:-0.006; 134:-0.005; 69:0.005; 14:-0.005; 99:0.005; 131:0.004; 65:0.004; 20:-0.004; 13:0.004; 112:-0.004; 121:-0.004; 38:0.004; 75:0.004; 61:-0.004; 29:-0.003; 120:-0.003; 10:-0.003; 51:0.003; 18:0.003; 53:0.003; 21:-0.003; 77:-0.003; 98:0.003; 57:-0.003; 5:0.002; 108:0.002; 129:-0.002; 116:-0.002; 72:0.002; 83:-0.002; 88:0.002; 66:0.002; 40:0.002; 118:-0.002; 35:-0.002; 30:-0.002; 74:-0.002; 0:-0.002; 8:-0.002; 127:-0.002; 126:-0.002; 7:0.002; 85:0.002; 42:0.002; 37:-0.002; 64:-0.001; 124:-0.001; 128:-0.001; 133:-0.001; 94:0.001; 71:-0.001; 82:0.001; 113:0.001; 22:-0.001; 101:-0.001; 91:0.001; 15:-0.001; 104:-0.001; 115:-0.001; 122:-0.001; 32:-0.001; 78:0.001; 62:0.001; 46:-0.001; 58:0.001; 92:-0.001; 43:0.001; 34:-0.001; 110:0.001; 109:-0.001; 24:-0.001; 33:0.001; 103:-0.001; 59:0.001; 44:0.001; 73:-0.001; 60:-0.001; 50:0.001; 93:-0.001; 86:0.001; 90:0.001; 125:0.001; 47:-0.001; 25:-0.001; 114:-0.001; 87:-0.001; 105:-0.001; 107:-0.001; 132:-0.001; 76:-0.001; 68:-0.001; 28:-0.001; 36:0.000; 48:-0.000; 54:-0.000; 52:-0.000; 49:-0.000; 70:-0.000; 26:-0.000; 89:0.000; 95:-0.000; 84:-0.000; 81:0.000; 100:0.000; 117:-0.000; 102:-0.000; 111:-0.000; 130:-0.000; 119:-0.000; 55:0.000; 79:0.000,56:-0.018; 12:-0.018; 39:0.015; 17:-0.015; 97:-0.013; 4:-0.013; 6:0.013; 1:0.013; 11:0.011; 27:0.010; 2:0.010; 16:-0.009; 67:0.009; 106:-0.009; 3:0.009; 41:0.009; 19:-0.008; 9:-0.007; 31:-0.007; 63:-0.007; 123:0.006; 80:0.006; 96:-0.006; 23:0.006; 45:0.006; 134:0.005; 69:-0.005; 14:0.005; 99:-0.005; 131:-0.004; 65:-0.004; 20:0.004; 13:-0.004; 112:0.004; 121:0.004; 38:-0.004; 75:-0.004; 61:0.004; 29:0.003; 120:0.003; 10:0.003; 51:-0.003; 18:-0.003; 53:-0.003; 21:0.003; 77:0.003; 98:-0.003; 57:0.003; 5:-0.002; 108:-0.002; 129:0.002; 116:0.002; 72:-0.002; 83:0.002; 88:-0.002; 66:-0.002; 40:-0.002; 118:0.002; 35:0.002; 30:0.002; 74:0.002; 0:0.002; 8:0.002; 127:0.002; 126:0.002; 7:-0.002; 85:-0.002; 42:-0.002; 37:0.002; 64:0.001; 124:0.001; 128:0.001; 133:0.001; 94:-0.001; 71:0.001; 82:-0.001; 113:-0.001; 22:0.001; 101:0.001; 91:-0.001; 15:0.001; 104:0.001; 115:0.001; 122:0.001; 32:0.001; 78:-0.001; 62:-0.001; 46:0.001; 58:-0.001; 92:0.001; 43:-0.001; 34:0.001; 110:-0.001; 109:0.001; 24:0.001; 33:-0.001; 103:0.001; 59:-0.001; 44:-0.001; 73:0.001; 60:0.001; 50:-0.001; 93:0.001; 86:-0.001; 90:-0.001; 125:-0.001; 47:0.001; 25:0.001; 114:0.001; 87:0.001; 105:0.001; 107:0.001; 132:0.001; 76:0.001; 68:0.001; 28:0.001; 36:-0.000; 48:0.000; 54:0.000; 52:0.000; 49:0.000; 70:0.000; 26:0.000; 89:-0.000; 95:0.000; 84:0.000; 81:-0.000; 100:-0.000; 117:0.000; 102:0.000; 111:0.000; 130:0.000; 119:0.000; 55:-0.000; 79:-0.000
42,0,0.6616834195070871,9:0.057; 74:0.047; 40:-0.044; 61:0.041; 25:-0.028; 2:-0.026; 21:0.025; 1:-0.025; 22:0.025; 34:0.022; 30:-0.020; 29:-0.015; 66:-0.013; 38:0.012; 37:-0.012; 51:0.011; 6:-0.011; 71:-0.011; 46:0.011; 11:-0.010; 82:0.010; 64:-0.010; 16:-0.010; 24:-0.009; 47:-0.009; 23:-0.009; 55:0.009; 44:0.009; 3:0.008; 50:-0.008; 58:-0.008; 68:0.007; 42:0.007; 35:0.007; 19:0.007; 41:0.007; 92:0.007; 81:-0.007; 48:-0.007; 52:0.006; 39:0.006; 56:-0.006; 17:-0.006; 69:0.006; 77:-0.005; 102:-0.005; 8:-0.005; 4:0.005; 91:0.005; 7:0.005; 128:-0.004; 53:-0.004; 26:-0.004; 123:0.004; 70:-0.004; 5:0.004; 86:-0.003; 106:0.003; 113:-0.003; 80:0.003; 36:-0.003; 57:0.003; 111:0.003; 131:-0.003; 87:-0.003; 124:-0.003; 33:0.003; 62:-0.003; 90:-0.002; 18:0.002; 119:0.002; 76:0.002; 14:-0.002; 27:0.002; 13:-0.002; 75:-0.002; 31:-0.002; 43:-0.002; 136:-0.002; 116:-0.002; 59:-0.002; 72:0.002; 63:0.002; 121:0.001; 122:-0.001; 114:-0.001; 97:-0.001; 60:0.001; 67:0.001; 105:0.001; 132:-0.001; 98:-0.001; 65:0.001; 117:-0.001; 49:0.001; 138:-0.001; 115:0.001; 103:0.001; 108:0.001; 94:0.001; 101:-0.001; 109:0.001; 112:0.001; 107:-0.001; 104:0.001; 88:0.001; 28:-0.001; 134:-0.001; 96:0.001; 127:0.001; 20:0.001; 99:0.001; 54:0.001; 32:-0.001; 84:-0.001; 78:-0.001; 93:0.001; 73:0.000; 129:0.000; 125:0.000; 95:-0.000; 110:0.000; 15:0.000; 118:-0.000; 85:0.000; 45:0.000; 137:-0.000; 120:-0.000; 130:0.000; 100:0.000; 89:-0.000; 126:0.000; 10:-0.000; 135:-0.000; 0:-0.000; 133:0.000; 83:0.000; 79:0.000; 12:0.000,9:-0.057; 74:-0.047; 40:0.044; 61:-0.041; 25:0.028; 2:0.026; 21:-0.025; 1:0.025; 22:-0.025; 34:-0.022; 30:0.020; 29:0.015; 66:0.013; 38:-0.012; 37:0.012; 51:-0.011; 6:0.011; 71:0.011; 46:-0.011; 11:0.010; 82:-0.010; 64:0.010; 16:0.010; 24:0.009; 47:0.009; 23:0.009; 55:-0.009; 44:-0.009; 3:-0.008; 50:0.008; 58:0.008; 68:-0.007; 42:-0.007; 35:-0.007; 19:-0.007; 41:-0.007; 92:-0.007; 81:0.007; 48:0.007; 52:-0.006; 39:-0.006; 56:0.006; 17:0.006; 69:-0.006; 77:0.005; 102:0.005; 8:0.005; 4:-0.005; 91:-0.005; 7:-0.005; 128:0.004; 53:0.004; 26:0.004; 123:-0.004; 70:0.004; 5:-0.004; 86:0.003; 106:-0.003; 113:0.003; 80:-0.003; 36:0.003; 57:-0.003; 111:-0.003; 131:0.003; 87:0.003; 124:0.003; 33:-0.003; 62:0.003; 90:0.002; 18:-0.002; 119:-0.002; 76:-0.002; 14:0.002; 27:-0.002; 13:0.002; 75:0.002; 31:0.002; 43:0.002; 136:0.002; 116:0.002; 59:0.002; 72:-0.002; 63:-0.002; 121:-0.001; 122:0.001; 114:0.001; 97:0.001; 60:-0.001; 67:-0.001; 105:-0.001; 132:0.001; 98:0.001; 65:-0.001; 117:0.001; 49:-0.001; 138:0.001; 115:-0.001; 103:-0.001; 108:-0.001; 94:-0.001; 101:0.001; 109:-0.001; 112:-0.001; 107:0.001; 104:-0.001; 88:-0.001; 28:0.001; 134:0.001; 96:-0.001; 127:-0.001; 20:-0.001; 99:-0.001; 54:-0.001; 32:0.001; 84:0.001; 78:0.001; 93:-0.001; 73:-0.000; 129:-0.000; 125:-0.000; 95:0.000; 110:-0.000; 15:-0.000; 118:0.000; 85:-0.000; 45:-0.000; 137:0.000; 120:0.000; 130:-0.000; 100:-0.000; 89:0.000; 126:-0.000; 10:0.000; 135:0.000; 0:0.000; 133:-0.000; 83:-0.000; 79:-0.000; 12:-0.000
43,1,0.634940152358631,42:-0.003; 67:0.003; 14:0.002; 71:0.002; 113:0.002; 101:0.002; 86:0.002; 91:0.002; 15:0.002; 12:0.002; 100:0.002; 90:0.002; 39:0.002; 9:0.002; 89:0.002; 70:0.001; 103:-0.001; 58:-0.001; 29:-0.001; 2:-0.001; 50:0.001; 48:0.001; 19:0.001; 81:-0.001; 10:-0.001; 92:0.001; 55:-0.001; 35:0.001; 65:-0.001; 30:-0.001; 76:0.001; 36:0.001; 59:0.001; 68:0.001; 4:0.001; 11:-0.001; 77:0.001; 22:0.001; 54:-0.001; 6:-0.001; 66:-0.001; 57:-0.001; 115:0.001; 32:-0.001; 47:-0.001; 97:0.001; 98:0.001; 51:-0.001; 34:0.001; 75:-0.001; 95:0.001; 3:-0.001; 133:-0.001; 63:0.001; 7:0.001; 82:0.001; 28:-0.001; 120:0.001; 5:-0.001; 94:0.001; 131:0.001; 110:-0.001; 61:0.001; 80:-0.000; 43:0.000; 99:0.000; 41:-0.000; 121:-0.000; 45:-0.000; 132:0.000; 64:0.000; 33:0.000; 108:0.000; 13:0.000; 134:0.000; 78:0.000; 20:0.000; 117:0.000; 49:-0.000; 31:0.000; 106:-0.000; 72:-0.000; 69:0.000; 111:0.000; 18:0.000; 56:-0.000; 17:0.000; 23:-0.000; 122:0.000; 21:-0.000; 96:0.000; 83:0.000; 73:-0.000; 139:0.000; 119:0.000; 85:0.000; 126:0.000; 27:-0.000; 1:-0.000; 136:0.000; 84:-0.000; 62:0.000; 38:0.000; 44:-0.000; 24:0.000; 0:0.000; 140:0.000; 127:0.000; 107:0.000; 46:-0.000; 74:-0.000; 102:0.000; 128:0.000; 129:0.000; 16:0.000; 109:0.000; 114:0.000; 79:-0.000; 40:0.000; 88:-0.000; 118:0.000; 93:-0.000; 138:-0.000; 130:0.000; 124:0.000; 125:0.000; 137:0.000; 87:0.000; 26:-0.000; 112:-0.000; 116:0.000; 60:-0.000; 53:-0.000; 25:-0.000; 105:0.000; 135:0.000; 52:0.000; 37:0.000; 104:-0.000; 8:0.000; 123:-0.000,42:0.003; 67:-0.003; 14:-0.002; 71:-0.002; 113:-0.002; 101:-0.002; 86:-0.002; 91:-0.002; 15:-0.002; 12:-0.002; 100:-0.002; 90:-0.002; 39:-0.002; 9:-0.002; 89:-0.002; 70:-0.001; 103:0.001; 58:0.001; 29:0.001; 2:0.001; 50:-0.001; 48:-0.001; 19:-0.001; 81:0.001; 10:0.001; 92:-0.001; 55:0.001; 35:-0.001; 65:0.001; 30:0.001; 76:-0.001; 36:-0.001; 59:-0.001; 68:-0.001; 4:-0.001; 11:0.001; 77:-0.001; 22:-0.001; 54:0.001; 6:0.001; 66:0.001; 57:0.001; 115:-0.001; 32:0.001; 47:0.001; 97:-0.001; 98:-0.001; 51:0.001; 34:-0.001; 75:0.001; 95:-0.001; 3:0.001; 133:0.001; 63:-0.001; 7:-0.001; 82:-0.001; 28:0.001; 120:-0.001; 5:0.001; 94:-0.001; 131:-0.001; 110:0.001; 61:-0.001; 80:0.000; 43:-0.000; 99:-0.000; 41:0.000; 121:0.000; 45:0.000; 132:-0.000; 64:-0.000; 33:-0.000; 108:-0.000; 13:-0.000; 134:-0.000; 78:-0.000; 20:-0.000; 117:-0.000; 49:0.000; 31:-0.000; 106:0.000; 72:0.000; 69:-0.000; 111:-0.000; 18:-0.000; 56:0.000; 17:-0.000; 23:0.000; 122:-0.000; 21:0.000; 96:-0.000; 83:-0.000; 73:0.000; 139:-0.000; 119:-0.000; 85:-0.000; 126:-0.000; 27:0.000; 1:0.000; 136:-0.000; 84:0.000; 62:-0.000; 38:-0.000; 44:0.000; 24:-0.000; 0:-0.000; 140:-0.000; 127:-0.000; 107:-0.000; 46:0.000; 74:0.000; 102:-0.000; 128:-0.000; 129:-0.000; 16:-0.000; 109:-0.000; 114:-0.000; 79:0.000; 40:-0.000; 88:0.000; 118:-0.000; 93:0.000; 138:0.000; 130:-0.000; 124:-0.000; 125:-0.000; 137:-0.000; 87:-0.000; 26:0.000; 112:0.000; 116:-0.000; 60:0.000; 53:0.000; 25:0.000; 105:-0.000; 135:-0.000; 52:-0.000; 37:-0.000; 104:0.000; 8:-0.000; 123:0.000
44,1,0.6421030855784675,80:0.002; 17:0.002; 4:0.002; 103:0.001; 14:0.001; 42:-0.001; 116:0.001; 95:0.001; 59:0.001; 41:0.001; 68:-0.001; 12:0.001; 82:0.001; 130:0.001; 85:0.001; 2:-0.001; 11:-0.001; 18:0.001; 99:0.001; 134:0.001; 38:0.001; 15:0.001; 52:-0.001; 63:0.001; 72:0.001; 83:0.001; 6:-0.001; 74:0.001; 73:0.001; 140:-0.001; 92:0.001; 53:0.001; 43:0.001; 33:-0.001; 100:0.001; 112:0.001; 129:-0.001; 106:0.001; 70:0.001; 60:0.001; 128:0.001; 65:0.001; 50:0.001; 137:-0.001; 24:0.001; 76:-0.001; 3:-0.001; 124:0.001; 79:0.001; 115:0.001; 40:0.001; 97:0.001; 86:0.000; 62:0.000; 54:-0.000; 19:0.000; 132:0.000; 28:0.000; 125:0.000; 98:0.000; 27:0.000; 64:0.000; 102:-0.000; 75:-0.000; 118:-0.000; 32:-0.000; 110:0.000; 89:0.000; 0:0.000; 121:0.000; 78:0.000; 111:0.000; 5:0.000; 61:-0.000; 21:-0.000; 48:-0.000; 37:-0.000; 13:0.000; 91:0.000; 90:0.000; 133:0.000; 105:0.000; 34:-0.000; 16:-0.000; 9:0.000; 138:0.000; 49:0.000; 120:-0.000; 93:-0.000; 56:0.000; 109:0.000; 126:0.000; 104:0.000; 20:-0.000; 29:0.000; 1:-0.000; 10:0.000; 94:-0.000; 66:-0.000; 108:0.000; 69:-0.000; 117:-0.000; 25:0.000; 101:0.000; 96:-0.000; 51:0.000; 136:-0.000; 7:0.000; 55:0.000; 57:0.000; 46:-0.000; 131:-0.000; 139:-0.000; 58:-0.000; 26:-0.000; 22:-0.000; 113:-0.000; 77:-0.000; 67:0.000; 114:-0.000; 71:-0.000; 107:0.000; 123:-0.000; 119:0.000; 35:-0.000; 88:0.000; 87:0.000; 45:0.000; 135:0.000; 81:0.000; 36:-0.000; 44:-0.000; 47:0.000; 122:0.000; 39:0.000; 127:0.000; 84:0.000; 30:-0.000; 31:-0.000; 23:0.000; 8:-0.000,80:-0.002; 17:-0.002; 4:-0.002; 103:-0.001; 14:-0.001; 42:0.001; 116:-0.001; 95:-0.001; 59:-0.001; 41:-0.001; 68:0.001; 12:-0.001; 82:-0.001; 130:-0.001; 85:-0.001; 2:0.001; 11:0.001; 18:-0.001; 99:-0.001; 134:-0.001; 38:-0.001; 15:-0.001; 52:0.001; 63:-0.001; 72:-0.001; 83:-0.001; 6:0.001; 74:-0.001; 73:-0.001; 140:0.001; 92:-0.001; 53:-0.001; 43:-0.001; 33:0.001; 100:-0.001; 112:-0.001; 129:0.001; 106:-0.001; 70:-0.001; 60:-0.001; 128:-0.001; 65:-0.001; 50:-0.001; 137:0.001; 24:-0.001; 76:0.001; 3:0.001; 124:-0.001; 79:-0.001; 115:-0.001; 40:-0.001; 97:-0.001; 86:-0.000; 62:-0.000; 54:0.000; 19:-0.000; 132:-0.000; 28:-0.000; 125:-0.000; 98:-0.000; 27:-0.000; 64:-0.000; 102:0.000; 75:0.000; 118:0.000; 32:0.000; 110:-0.000; 89:-0.000; 0:-0.000; 121:-0.000; 78:-0.000; 111:-0.000; 5:-0.000; 61:0.000; 21:0.000; 48:0.000; 37:0.000; 13:-0.000; 91:-0.000; 90:-0.000; 133:-0.000; 105:-0.000; 34:0.000; 16:0.000; 9:-0.000; 138:-0.000; 49:-0.000; 120:0.000; 93:0.000; 56:-0.000; 109:-0.000; 126:-0.000; 104:-0.000; 20:0.000; 29:-0.000; 1:0.000; 10:-0.000; 94:0.000; 66:0.000; 108:-0.000; 69:0.000; 117:0.000; 25:-0.000; 101:-0.000; 96:0.000; 51:-0.000; 136:0.000; 7:-0.000; 55:-0.000; 57:-0.000; 46:0.000; 131:0.000; 139:0.000; 58:0.000; 26:0.000; 22:0.000; 113:0.000; 77:0.000; 67:-0.000; 114:0.000; 71:0.000; 107:-0.000; 123:0.000; 119:-0.000; 35:0.000; 88:-0.000; 87:-0.000; 45:-0.000; 135:-0.000; 81:-0.000; 36:0.000; 44:0.000; 47:-0.000; 122:-0.000; 39:-0.000; 127:-0.000; 84:-0.000; 30:0.000; 31:0.000; 23:-0.000; 8:0.000
45,1,0.7147421730003083,114:0.001; 99:0.001; 62:0.001; 87:0.001; 4:0.001; 64:0.001; 15:0.001; 12:0.001; 88:0.001; 89:0.001; 49:0.001; 44:-0.001; 98:0.001; 86:0.001; 109:0.001; 14:0.001; 82:0.001; 63:0.001; 9:0.001; 83:0.001; 72:0.001; 78:0.001; 19:0.001; 53:-0.001; 52:-0.001; 107:0.001; 48:0.001; 54:0.001; 27:-0.001; 20:0.001; 71:0.001; 66:0.001; 104:0.001; 74:-0.001; 96:0.001; 108:0.001; 105:0.000; 13:0.000; 93:0.000; 135:0.000; 21:0.000; 65:0.000; 124:0.000; 92:0.000; 127:0.000; 103:0.000; 77:0.000; 47:0.000; 136:0.000; 118:0.000; 36:0.000; 3:-0.000; 24:0.000; 31:0.000; 120:0.000; 41:0.000; 45:0.000; 131:0.000; 58:0.000; 73:0.000; 141:0.000; 11:-0.000; 94:0.000; 35:0.000; 75:0.000; 59:0.000; 2:-0.000; 16:0.000; 106:0.000; 100:-0.000; 84:0.000; 28:-0.000; 5:0.000; 70:0.000; 37:0.000; 126:0.000; 23:0.000; 61:0.000; 43:-0.000; 129:0.000; 110:0.000; 10:-0.000; 116:0.000; 68:0.000; 51:0.000; 56:0.000; 40:0.000; 111:0.000; 30:0.000; 81:0.000; 6:-0.000; 39:0.000; 115:0.000; 33:0.000; 133:0.000; 138:-0.000; 0:0.000; 134:0.000; 90:-0.000; 18:-0.000; 17:0.000; 130:0.000; 101:0.000; 121:0.000; 113:0.000; 50:0.000; 25:0.000; 7:0.000; 8:-0.000; 80:0.000; 60:0.000; 119:0.000; 85:-0.000; 29:0.000; 26:0.000; 55:-0.000; 132:-0.000; 67:0.000; 76:-0.000; 112:0.000; 137:0.000; 22:-0.000; 125:0.000; 42:-0.000; 117:-0.000; 46:0.000; 34:0.000; 102:-0.000; 95:0.000; 38:0.000; 1:0.000; 123:-0.000; 91:0.000; 122:0.000; 32:0.000; 139:-0.000; 97:0.000; 79:0.000; 140:0.000; 57:0.000; 69:-0.000; 128:0.000,114:-0.001; 99:-0.001; 62:-0.001; 87:-0.001; 4:-0.001; 64:-0.001; 15:-0.001; 12:-0.001; 88:-0.001; 89:-0.001; 49:-0.001; 44:0.001; 98:-0.001; 86:-0.001; 109:-0.001; 14:-0.001; 82:-0.001; 63:-0.001; 9:-0.001; 83:-0.001; 72:-0.001; 78:-0.001; 19:-0.001; 53:0.001; 52:0.001; 107:-0.001; 48:-0.001; 54:-0.001; 27:0.001; 20:-0.001; 71:-0.001; 66:-0.001; 104:-0.001; 74:0.001; 96:-0.001; 108:-0.001; 105:-0.000; 13:-0.000; 93:-0.000; 135:-0.000; 21:-0.000; 65:-0.000; 124:-0.000; 92:-0.000; 127:-0.000; 103:-0.000; 77:-0.000; 47:-0.000; 136:-0.000; 118:-0.000; 36:-0.000; 3:0.000; 24:-0.000; 31:-0.000; 120:-0.000; 41:-0.000; 45:-0.000; 131:-0.000; 58:-0.000; 73:-0.000; 141:-0.000; 11:0.000; 94:-0.000; 35:-0.000; 75:-0.000; 59:-0.000; 2:0.000; 16:-0.000; 106:-0.000; 100:0.000; 84:-0.000; 28:0.000; 5:-0.000; 70:-0.000; 37:-0.000; 126:-0.000; 23:-0.000; 61:-0.000; 43:0.000; 129:-0.000; 110:-0.000; 10:0.000; 116:-0.000; 68:-0.000; 51:-0.000; 56:-0.000; 40:-0.000; 111:-0.000; 30:-0.000; 81:-0.000; 6:0.000; 39:-0.000; 115:-0.000; 33:-0.000; 133:-0.000; 138:0.000; 0:-0.000; 134:-0.000; 90:0.000; 18:0.000; 17:-0.000; 130:-0.000; 101:-0.000; 121:-0.000; 113:-0.000; 50:-0.000; 25:-0.000; 7:-0.000; 8:0.000; 80:-0.000; 60:-0.000; 119:-0.000; 85:0.000; 29:-0.000; 26:-0.000; 55:0.000; 132:0.000; 67:-0.000; 76:0.000; 112:-0.000; 137:-0.000; 22:0.000; 125:-0.000; 42:0.000; 117:0.000; 46:-0.000; 34:-0.000; 102:0.000; 95:-0.000; 38:-0.000; 1:-0.000; 123:0.000; 91:-0.000; 122:-0.000; 32:-0.000; 139:0.000; 97:-0.000; 79:-0.000; 140:-0.000; 57:-0.000; 69:0.000; 128:-0.000
46,1,0.7285543645828418,80:0.002; 64:0.002; 39:-0.001; 16:0.001; 15:0.001; 79:0.001; 103:0.001; 4:0.001; 9:0.001; 66:0.001; 49:0.001; 70:0.001; 119:0.001; 108:0.001; 85:0.001; 20:0.001; 12:0.001; 126:0.001; 54:-0.001; 90:0.001; 101:0.001; 92:0.001; 87:0.001; 67:0.001; 59:0.001; 52:-0.001; 135:0.001; 65:0.001; 19:0.001; 5:0.001; 56:0.001; 88:0.001; 2:-0.001; 21:0.001; 53:0.001; 58:0.001; 141:0.001; 94:0.001; 18:0.001; 68:0.001; 112:0.001; 138:0.001; 37:0.001; 6:-0.001; 27:-0.000; 73:-0.000; 110:0.000; 104:0.000; 93:0.000; 45:0.000; 137:0.000; 63:0.000; 131:0.000; 36:0.000; 96:0.000; 61:0.000; 120:0.000; 99:0.000; 84:0.000; 122:0.000; 10:-0.000; 28:-0.000; 41:0.000; 35:0.000; 121:-0.000; 114:0.000; 60:0.000; 111:0.000; 3:-0.000; 95:0.000; 30:0.000; 8:0.000; 75:0.000; 109:0.000; 127:0.000; 0:0.000; 74:-0.000; 83:-0.000; 23:-0.000; 118:0.000; 98:0.000; 48:0.000; 129:0.000; 89:0.000; 133:-0.000; 26:0.000; 128:0.000; 124:-0.000; 29:-0.000; 40:0.000; 102:0.000; 115:-0.000; 117:-0.000; 116:0.000; 62:0.000; 32:0.000; 136:0.000; 1:-0.000; 107:0.000; 106:-0.000; 17:0.000; 44:-0.000; 113:0.000; 43:0.000; 125:0.000; 38:0.000; 72:0.000; 91:0.000; 13:0.000; 51:0.000; 47:0.000; 140:-0.000; 77:-0.000; 139:-0.000; 100:0.000; 105:-0.000; 81:0.000; 14:0.000; 46:0.000; 25:0.000; 134:0.000; 7:0.000; 69:0.000; 57:0.000; 22:0.000; 50:0.000; 123:0.000; 55:0.000; 34:-0.000; 86:-0.000; 31:0.000; 132:-0.000; 78:0.000; 33:-0.000; 42:0.000; 11:-0.000; 82:-0.000; 24:-0.000; 71:0.000; 130:0.000; 97:-0.000; 76:0.000,80:-0.002; 64:-0.002; 39:0.001; 16:-0.001; 15:-0.001; 79:-0.001; 103:-0.001; 4:-0.001; 9:-0.001; 66:-0.001; 49:-0.001; 70:-0.001; 119:-0.001; 108:-0.001; 85:-0.001; 20:-0.001; 12:-0.001; 126:-0.001; 54:0.001; 90:-0.001; 101:-0.001; 92:-0.001; 87:-0.001; 67:-0.001; 59:-0.001; 52:0.001; 135:-0.001; 65:-0.001; 19:-0.001; 5:-0.001; 56:-0.001; 88:-0.001; 2:0.001; 21:-0.001; 53:-0.001; 58:-0.001; 141:-0.001; 94:-0.001; 18:-0.001; 68:-0.001; 112:-0.001; 138:-0.001; 37:-0.001; 6:0.001; 27:0.000; 73:0.000; 110:-0.000; 104:-0.000; 93:-0.000; 45:-0.000; 137:-0.000; 63:-0.000; 131:-0.000; 36:-0.000; 96:-0.000; 61:-0.000; 120:-0.000; 99:-0.000; 84:-0.000; 122:-0.000; 10:0.000; 28:0.000; 41:-0.000; 35:-0.000; 121:0.000; 114:-0.000; 60:-0.000; 111:-0.000; 3:0.000; 95:-0.000; 30:-0.000; 8:-0.000; 75:-0.000; 109:-0.000; 127:-0.000; 0:-0.000; 74:0.000; 83:0.000; 23:0.000; 118:-0.000; 98:-0.000; 48:-0.000; 129:-0.000; 89:-0.000; 133:0.000; 26:-0.000; 128:-0.000; 124:0.000; 29:0.000; 40:-0.000; 102:-0.000; 115:0.000; 117:0.000; 116:-0.000; 62:-0.000; 32:-0.000; 136:-0.000; 1:0.000; 107:-0.000; 106:0.000; 17:-0.000; 44:0.000; 113:-0.000; 43:-0.000; 125:-0.000; 38:-0.000; 72:-0.000; 91:-0.000; 13:-0.000; 51:-0.000; 47:-0.000; 140:0.000; 77:0.000; 139:0.000; 100:-0.000; 105:0.000; 81:-0.000; 14:-0.000; 46:-0.000; 25:-0.000; 134:-0.000; 7:-0.000; 69:-0.000; 57:-0.000; 22:-0.000; 50:-0.000; 123:-0.000; 55:-0.000; 34:0.000; 86:0.000; 31:-0.000; 132:0.000; 78:-0.000; 33:0.000; 42:-0.000; 11:0.000; 82:0.000; 24:0.000; 71:-0.000; 130:-0.000; 97:0.000; 76:-0.000
47,1,0.6290080002092638,73:0.003; 83:0.002; 59:0.002; 38:-0.002; 4:0.002; 89:0.002; 64:0.002; 78:0.001; 84:0.001; 17:0.001; 55:-0.001; 46:0.001; 99:0.001; 9:0.001; 72:-0.001; 16:0.001; 66:-0.001; 10:-0.001; 109:0.001; 11:-0.001; 21:0.001; 27:-0.001; 76:0.001; 32:-0.001; 2:-0.001; 60:0.001; 81:-0.001; 19:-0.001; 140:0.001; 96:0.001; 12:0.001; 14:0.001; 65:0.001; 39:0.001; 106:0.001; 23:0.001; 57:0.001; 70:0.001; 52:0.001; 15:0.001; 25:0.000; 53:0.000; 29:-0.000; 48:0.000; 105:0.000; 127:-0.000; 28:-0.000; 114:0.000; 5:0.000; 138:0.000; 62:0.000; 117:0.000; 130:0.000; 68:0.000; 118:0.000; 36:0.000; 116:0.000; 107:0.000; 69:-0.000; 115:-0.000; 103:0.000; 119:-0.000; 139:0.000; 137:-0.000; 74:0.000; 85:-0.000; 129:0.000; 104:0.000; 44:-0.000; 136:0.000; 126:0.000; 26:0.000; 8:0.000; 43:-0.000; 33:0.000; 141:-0.000; 63:0.000; 134:0.000; 22:0.000; 71:0.000; 88:0.000; 50:-0.000; 51:-0.000; 110:0.000; 75:-0.000; 47:-0.000; 123:0.000; 92:0.000; 131:-0.000; 18:0.000; 113:0.000; 132:0.000; 58:0.000; 77:-0.000; 67:0.000; 13:-0.000; 34:-0.000; 35:-0.000; 80:-0.000; 24:-0.000; 82:-0.000; 122:-0.000; 98:0.000; 54:0.000; 94:0.000; 0:0.000; 112:0.000; 108:0.000; 120:0.000; 45:-0.000; 1:-0.000; 41:0.000; 31:-0.000; 7:-0.000; 87:-0.000; 97:0.000; 125:-0.000; 3:-0.000; 56:-0.000; 133:-0.000; 102:0.000; 49:0.000; 42:0.000; 86:-0.000; 128:0.000; 100:-0.000; 135:-0.000; 20:0.000; 40:0.000; 93:0.000; 79:-0.000; 37:0.000; 6:-0.000; 121:0.000; 124:-0.000; 90:-0.000; 61:0.000; 95:0.000; 30:-0.000; 91:0.000; 111:0.000; 101:0.000,73:-0.003; 83:-0.002; 59:-0.002; 38:0.002; 4:-0.002; 89:-0.002; 64:-0.002; 78:-0.001; 84:-0.001; 17:-0.001; 55:0.001; 46:-0.001; 99:-0.001; 9:-0.001; 72:0.001; 16:-0.001; 66:0.001; 10:0.001; 109:-0.001; 11:0.001; 21:-0.001; 27:0.001; 76:-0.001; 32:0.001; 2:0.001; 60:-0.001; 81:0.001; 19:0.001; 140:-0.001; 96:-0.001; 12:-0.001; 14:-0.001; 65:-0.001; 39:-0.001; 106:-0.001; 23:-0.001; 57:-0.001; 70:-0.001; 52:-0.001; 15:-0.001; 25:-0.000; 53:-0.000; 29:0.000; 48:-0.000; 105:-0.000; 127:0.000; 28:0.000; 114:-0.000; 5:-0.000; 138:-0.000; 62:-0.000; 117:-0.000; 130:-0.000; 68:-0.000; 118:-0.000; 36:-0.000; 116:-0.000; 107:-0.000; 69:0.000; 115:0.000; 103:-0.000; 119:0.000; 139:-0.000; 137:0.000; 74:-0.000; 85:0.000; 129:-0.000; 104:-0.000; 44:0.000; 136:-0.000; 126:-0.000; 26:-0.000; 8:-0.000; 43:0.000; 33:-0.000; 141:0.000; 63:-0.000; 134:-0.000; 22:-0.000; 71:-0.000; 88:-0.000; 50:0.000; 51:0.000; 110:-0.000; 75:0.000; 47:0.000; 123:-0.000; 92:-0.000; 131:0.000; 18:-0.000; 113:-0.000; 132:-0.000; 58:-0.000; 77:0.000; 67:-0.000; 13:0.000; 34:0.000; 35:0.000; 80:0.000; 24:0.000; 82:0.000; 122:0.000; 98:-0.000; 54:-0.000; 94:-0.000; 0:-0.000; 112:-0.000; 108:-0.000; 120:-0.000; 45:0.000; 1:0.000; 41:-0.000; 31:0.000; 7:0.000; 87:0.000; 97:-0.000; 125:0.000; 3:0.000; 56:0.000; 133:0.000; 102:-0.000; 49:-0.000; 42:-0.000; 86:0.000; 128:-0.000; 100:0.000; 135:0.000; 20:-0.000; 40:-0.000; 93:-0.000; 79:0.000; 37:-0.000; 6:0.000; 121:-0.000; 124:0.000; 90:0.000; 61:-0.000; 95:-0.000; 30:0.000; 91:-0.000; 111:-0.000; 101:-0.000
48,1,0.6408219759895596,17:0.001; 21:0.001; 56:0.001; 4:0.001; 95:0.001; 88:0.001; 60:0.001; 82:0.001; 61:0.001; 8:0.001; 18:0.001; 37:-0.001; 15:-0.001; 62:-0.001; 79:0.001; 86:0.001; 32:0.001; 27:0.001; 59:0.001; 52:-0.001; 26:-0.001; 29:-0.001; 114:0.001; 84:0.000; 97:0.000; 69:0.000; 80:0.000; 11:0.000; 35:-0.000; 108:0.000; 70:0.000; 45:0.000; 72:0.000; 30:-0.000; 93:-0.000; 98:0.000; 65:-0.000; 77:-0.000; 73:0.000; 22:0.000; 106:0.000; 38:0.000; 19:0.000; 31:-0.000; 85:0.000; 125:0.000; 102:0.000; 25:0.000; 105:0.000; 132:0.000; 78:0.000; 75:0.000; 9:-0.000; 53:0.000; 90:0.000; 13:0.000; 2:-0.000; 89:0.000; 20:0.000; 128:0.000; 71:0.000; 33:0.000; 24:0.000; 39:0.000; 87:0.000; 110:0.000; 126:0.000; 96:0.000; 10:-0.000; 16:0.000; 12:-0.000; 5:-0.000; 111:0.000; 44:0.000; 74:0.000; 118:0.000; 68:0.000; 134:0.000; 81:-0.000; 104:0.000; 0:0.000; 63:0.000; 107:0.000; 131:0.000; 34:-0.000; 28:0.000; 23:-0.000; 43:0.000; 6:-0.000; 129:0.000; 115:0.000; 55:-0.000; 119:0.000; 67:0.000; 3:-0.000; 42:-0.000; 121:0.000; 47:-0.000; 103:0.000; 7:0.000; 124:-0.000; 135:0.000; 41:0.000; 122:0.000; 101:-0.000; 112:0.000; 109:0.000; 58:0.000; 94:0.000; 91:0.000; 127:-0.000; 117:0.000; 99:0.000; 120:0.000; 64:-0.000; 130:0.000; 133:0.000; 51:0.000; 54:0.000; 136:-0.000; 14:-0.000; 50:0.000; 83:0.000; 1:0.000; 48:-0.000; 116:0.000; 66:-0.000; 123:0.000; 46:-0.000; 57:-0.000; 113:-0.000; 40:0.000; 137:0.000; 49:0.000; 100:0.000; 76:-0.000; 36:0.000; 92:-0.000,17:-0.001; 21:-0.001; 56:-0.001; 4:-0.001; 95:-0.001; 88:-0.001; 60:-0.001; 82:-0.001; 61:-0.001; 8:-0.001; 18:-0.001; 37:0.001; 15:0.001; 62:0.001; 79:-0.001; 86:-0.001; 32:-0.001; 27:-0.001; 59:-0.001; 52:0.001; 26:0.001; 29:0.001; 114:-0.001; 84:-0.000; 97:-0.000; 69:-0.000; 80:-0.000; 11:-0.000; 35:0.000; 108:-0.000; 70:-0.000; 45:-0.000; 72:-0.000; 30:0.000; 93:0.000; 98:-0.000; 65:0.000; 77:0.000; 73:-0.000; 22:-0.000; 106:-0.000; 38:-0.000; 19:-0.000; 31:0.000; 85:-0.000; 125:-0.000; 102:-0.000; 25:-0.000; 105:-0.000; 132:-0.000; 78:-0.000; 75:-0.000; 9:0.000; 53:-0.000; 90:-0.000; 13:-0.000; 2:0.000; 89:-0.000; 20:-0.000; 128:-0.000; 71:-0.000; 33:-0.000; 24:-0.000; 39:-0.000; 87:-0.000; 110:-0.000; 126:-0.000; 96:-0.000; 10:0.000; 16:-0.000; 12:0.000; 5:0.000; 111:-0.000; 44:-0.000; 74:-0.000; 118:-0.000; 68:-0.000; 134:-0.000; 81:0.000; 104:-0.000; 0:-0.000; 63:-0.000; 107:-0.000; 131:-0.000; 34:0.000; 28:-0.000; 23:0.000; 43:-0.000; 6:0.000; 129:-0.000; 115:-0.000; 55:0.000; 119:-0.000; 67:-0.000; 3:0.000; 42:0.000; 121:-0.000; 47:0.000; 103:-0.000; 7:-0.000; 124:0.000; 135:-0.000; 41:-0.000; 122:-0.000; 101:0.000; 112:-0.000; 109:-0.000; 58:-0.000; 94:-0.000; 91:-0.000; 127:0.000; 117:-0.000; 99:-0.000; 120:-0.000; 64:0.000; 130:-0.000; 133:-0.000; 51:-0.000; 54:-0.000; 136:0.000; 14:0.000; 50:-0.000; 83:-0.000; 1:-0.000; 48:0.000; 116:-0.000; 66:0.000; 123:-0.000; 46:0.000; 57:0.000; 113:0.000; 40:-0.000; 137:-0.000; 49:-0.000; 100:-0.000; 76:0.000; 36:-0.000; 92:0.000
49,1,0.6679279360300538,94:0.003; 41:-0.003; 13:-0.003; 14:0.002; 64:0.002; 17:0.002; 76:0.002; 18:0.002; 69:0.002; 81:-0.002; 54:-0.002; 91:0.002; 89:0.001; 16:0.001; 112:0.001; 92:0.001; 62:-0.001; 19:0.001; 60:0.001; 105:0.001; 67:-0.001; 100:0.001; 2:-0.001; 115:0.001; 78:0.001; 20:0.001; 106:0.001; 31:-0.001; 96:0.001; 90:0.001; 97:0.001; 93:0.001; 61:0.001; 51:0.001; 15:0.001; 45:-0.001; 65:0.001; 80:0.001; 46:0.001; 102:0.001; 124:-0.001; 6:0.001; 30:-0.001; 104:0.001; 36:0.001; 70:0.001; 125:0.001; 119:-0.001; 82:-0.001; 123:0.001; 38:0.001; 28:0.001; 59:-0.001; 98:-0.001; 127:-0.001; 37:-0.001; 72:0.001; 107:0.001; 23:0.001; 50:0.001; 73:0.001; 85:0.001; 52:0.001; 7:-0.000; 43:0.000; 49:0.000; 129:0.000; 118:0.000; 111:0.000; 27:0.000; 21:0.000; 113:0.000; 12:0.000; 130:0.000; 29:0.000; 10:0.000; 26:0.000; 4:0.000; 71:0.000; 48:0.000; 83:0.000; 33:-0.000; 110:0.000; 99:0.000; 131:0.000; 66:0.000; 5:0.000; 120:0.000; 101:0.000; 128:0.000; 116:0.000; 42:-0.000; 108:0.000; 117:0.000; 63:0.000; 8:0.000; 88:-0.000; 109:0.000; 95:-0.000; 77:0.000; 122:0.000; 11:0.000; 22:0.000; 86:0.000; 57:0.000; 75:-0.000; 53:0.000; 56:0.000; 74:0.000; 39:0.000; 132:0.000; 25:-0.000; 32:0.000; 58:0.000; 87:-0.000; 40:-0.000; 0:0.000; 44:-0.000; 9:0.000; 1:-0.000; 24:0.000; 126:0.000; 68:0.000; 103:0.000; 34:-0.000; 79:0.000; 47:0.000; 55:0.000; 3:-0.000; 35:-0.000; 114:0.000; 84:0.000; 121:0.000,94:-0.003; 41:0.003; 13:0.003; 14:-0.002; 64:-0.002; 17:-0.002; 76:-0.002; 18:-0.002; 69:-0.002; 81:0.002; 54:0.002; 91:-0.002; 89:-0.001; 16:-0.001; 112:-0.001; 92:-0.001; 62:0.001; 19:-0.001; 60:-0.001; 105:-0.001; 67:0.001; 100:-0.001; 2:0.001; 115:-0.001; 78:-0.001; 20:-0.001; 106:-0.001; 31:0.001; 96:-0.001; 90:-0.001; 97:-0.001; 93:-0.001; 61:-0.001; 51:-0.001; 15:-0.001; 45:0.001; 65:-0.001; 80:-0.001; 46:-0.001; 102:-0.001; 124:0.001; 6:-0.001; 30:0.001; 104:-0.001; 36:-0.001; 70:-0.001; 125:-0.001; 119:0.001; 82:0.001; 123:-0.001; 38:-0.001; 28:-0.001; 59:0.001; 98:0.001; 127:0.001; 37:0.001; 72:-0.001; 107:-0.001; 23:-0.001; 50:-0.001; 73:-0.001; 85:-0.001; 52:-0.001; 7:0.000; 43:-0.000; 49:-0.000; 129:-0.000; 118:-0.000; 111:-0.000; 27:-0.000; 21:-0.000; 113:-0.000; 12:-0.000; 130:-0.000; 29:-0.000; 10:-0.000; 26:-0.000; 4:-0.000; 71:-0.000; 48:-0.000; 83:-0.000; 33:0.000; 110:-0.000; 99:-0.000; 131:-0.000; 66:-0.000; 5:-0.000; 120:-0.000; 101:-0.000; 128:-0.000; 116:-0.000; 42:0.000; 108:-0.000; 117:-0.000; 63:-0.000; 8:-0.000; 88:0.000; 109:-0.000; 95:0.000; 77:-0.000; 122:-0.000; 11:-0.000; 22:-0.000; 86:-0.000; 57:-0.000; 75:0.000; 53:-0.000; 56:-0.000; 74:-0.000; 39:-0.000; 132:-0.000; 25:0.000; 32:-0.000; 58:-0.000; 87:0.000; 40:0.000; 0:-0.000; 44:0.000; 9:-0.000; 1:0.000; 24:-0.000; 126:-0.000; 68:-0.000; 103:-0.000; 34:0.000; 79:-0.000; 47:-0.000; 55:-0.000; 3:0.000; 35:0.000; 114:-0.000; 84:-0.000; 121:-0.000
